date_added,url,gdelt_tone
20230308151500,https://www.coinspeaker.com/silvergate-rescue-plan-fdic-officials/,-0.18832391713747
20230308170000,https://www.americanbanker.com/articles/silvergate-is-in-talks-with-fdic-officials-on-ways-to-salvage-bank,-2.01238390092879
20230308174500,https://markets.financialcontent.com/stocks/article/bizwire-2023-3-8-stevanato-group-secures-130-million-esg-linked-financing-from-bnl-bnp-paribas-and-cassa-depositi-e-prestiti-to-support-sustainable-global-growth,2.52782357790602
20230308220000,https://www.theadviser.com.au/lender/44085-major-bank-criticised-over-regional-bank-closures,-0.42194092827004
20230308231500,https://missoulian.com/news/local/company-claims-u-s-s-richest-rare-earth-deposit-in-bitterroot/article_d3564bfa-bddd-11ed-9885-d775d743c10a.html,-2.23325062034739
20230309011500,https://ravallirepublic.com/news/state-and-regional/company-claims-uss-richest-rare-earth-deposit-in-bitterroot/article_792b6e7b-1426-513c-a8e4-7f79c95c2850.html,-1.76991150442478
20230309081500,https://www.henryherald.com/arena/thestreet/silvergate-bank-collapses/article_bdb67bb1-8a90-5dd6-9d3d-049114de2e03.html,-2.91095890410959
20230309090000,https://sunnewsonline.com/banks-issue-reject-deposits-of-old-notes-by-customers/,-0.86455331412104
20230309123000,https://www.marketwatch.com/story/signature-bank-stock-drops-sharply-after-silvergate-announces-winddown-55f0c285,-1.70940170940171
20230309141500,https://www.nevadacurrent.com/2023/03/09/bill-to-rein-in-rental-application-and-deposit-fees-weakened-before-first-hearing/,-1.15681233933162
20230309200000,https://markets.businessinsider.com/news/stocks/bitcoin-ether-cryptocurrencies-silvergate-bank-liquidation-ftx-deposits-coinbase-assets-2023-3,-2.76243093922652
20230309214500,https://www.bloomberg.com/news/articles/2023-03-09/svb-ceo-becker-asks-silicon-valley-bank-clients-to-stay-calm,0.95238095238096
20230309230000,https://news.yahoo.com/svb-financial-ceo-asks-silicon-205352312.html,-1.55844155844156
20230309234500,https://news.yahoo.com/bitcoin-tumbles-to-7-week-low-as-bank-failures-regulatory-pressures-weigh-on-crypto-230323844.html,-4.60251046025104
20230310001500,https://finance.yahoo.com/news/svb-financial-ceo-asks-silicon-221638593.html,-1.33060388945752
20230310001500,https://www.bloomberg.com/news/articles/2023-03-09/bank-bonds-weaken-after-svb-says-it-s-shoring-up-capital,-3.26086956521739
20230310014500,https://www.latimes.com/business/story/2023-03-09/silicon-valley-bank-startups-panic,-1.364522417154
20230310021500,https://www.afr.com/companies/financial-services/silicon-valley-bank-clients-urged-to-stay-calm-amid-panic-20230310-p5cr0c,-2.36842105263158
20230310031500,https://www.longislandpress.com/2023/03/09/get-your-security-deposit-back/,-3.1138335885656
20230310033000,https://punchng.com/more-banks-dispense-old-notes-customers-reject-deposit-conditions/,-0.98280098280098
20230310044500,https://news.yahoo.com/svb-financial-ceo-asks-silicon-221638593.html,-1.90985485103132
20230310090000,https://economictimes.indiatimes.com/tech/technology/silicon-valley-bank-crisis-investor-bill-ackman-bats-for-highly-dilutive-bailout-of-bank/articleshow/98538300.cms,-2.21238938053097
20230310100000,https://www.ghanaiantimes.com.gh/saudi-arabia-deposits-5bn-in-turkey-central-bank-after-2-quakes/,-0.67340067340067
20230310113000,https://news.yahoo.com/hopeful-electric-car-buyers-deposits-100000531.html,1.13507377979568
20230310114500,https://markets.financialcontent.com/stocks/article/abnewswire-2023-3-10-traders-union-introduces-a-rating-of-the-best-no-deposit-bonus-forex-brokers,9.75609756097564
20230310121500,https://article.wn.com/view/2023/03/10/Why_is_everyone_talking_about_SVB_Here_s_everything_we_know_/,-2.85714285714286
20230310130000,https://www.cecildaily.com/news/news-briefs-griffith-named-to-veterans-caucus-port-deposit-candidate-deadline-monday-slots-still-open/article_ef6c5a3e-4789-5443-9673-63ce6b10664d.html,2.34159779614325
20230310131500,https://www.bloomberg.com/news/articles/2023-03-10/german-bank-regulator-bafin-says-monitoring-svb-developments,-3.65853658536585
20230310133000,https://economictimes.indiatimes.com/tech/newsletters/tech-top-5/silicon-valley-bank-crisis-spreads-panic-among-startups-funding-drops-to-140-million-this-week/articleshow/98545822.cms,-1.59521435692921
20230310134500,https://qz.com/emails/daily-brief/1850211486/silicon-valley-bank-is-broke,-1.68674698795181
20230310143000,https://www.nbcnewyork.com/news/business/money-report/stocks-making-the-biggest-moves-premarket-svb-financial-allbirds-docusign-and-more/4145346/,-2.44565217391304
20230310144500,https://www.streetinsider.com/Hot+M+and+A/SVB+Financial+looks+to+sell+itself+-+CNBC/21355141.html,-2.83018867924528
20230310151500,https://news.yahoo.com/svb-sale-talks-capital-raising-142808035.html,-6.14525139664804
20230310154500,https://www.marketwatch.com/story/yellen-addresses-silicon-valley-banks-woes-saying-shes-monitoring-a-few-banks-979ec0fb,-4.46428571428571
20230310160000,https://techstory.in/bill-ackman-a-billionaire-investor-has-asked-the-us-government-to-consider-bailing-out-silicon-valley-bank-if-private-investors-do-not-step-up/,-0.76530612244898
20230310160000,https://www.latimes.com/business/story/2023-03-10/silicon-valley-bank-sale-talks-capital-raising-failed,-3.6
20230310161500,https://www.pionline.com/pension-funds/silicon-valley-bank-losses-shake-swedish-pension-system-alectas-major-holding,-3.09734513274336
20230310164500,https://www.business-standard.com/article/companies/svb-financial-group-tells-employees-to-work-from-home-until-further-notice-123031001226_1.html,-1.13636363636364
20230310164500,https://www.streetinsider.com/General+News/SVB+meltdown+triggers+global+drop+in+bank+shares/21355645.html,-6.11588686921714
20230310170000,https://www.bloomberg.com/news/articles/2023-03-10/treasury-closely-watching-silicon-valley-bank-share-plunge,-2.32558139534884
20230310171500,https://economictimes.indiatimes.com/markets/stocks/news/svb-rivals-field-calls-from-startups-seeking-new-home-for-funds/articleshow/98549504.cms,1.7910447761194
20230310171500,https://www.forexlive.com/news/fdic-takes-control-of-silicon-valley-bank-20230310/,-1.41700404858299
20230310173000,https://economictimes.indiatimes.com/markets/stocks/news/california-regulator-shuts-silicon-valley-bank/articleshow/98549742.cms,-3.41880341880341
20230310173000,https://www.breitbart.com/economy/2023/03/10/silicon-valley-bank-shares-halted-after-plunge-deepens/,-0.62695924764891
20230310173000,https://www.rte.ie/news/business/2023/0310/1361514-isif-has-100m-in-funds-managed-by-svb-subsidiary/,1.52091254752851
20230310174500,https://www.nbcdfw.com/news/business/wells-fargo-customers-report-missing-deposits-heres-what-we-know/3211427/,-2.39234449760766
