trade_id,trade_date,counterparty,instrument,direction,notional,rate,maturity,collateral,currency,facility_id,extra,synthetic
T00442,2022-02-15,BAC,BOND,BUY,211000000,0.0302,2035-04-13,SENIOR_UNSECURED,USD,B-BAC-2035,,true
T00462,2022-04-12,AMT,BOND,BUY,167000000,0.0267,2033-11-22,SENIOR_UNSECURED,USD,B-AMT-2033,,true
T00439,2022-04-21,JPM,BOND,BUY,90000000,0.0502,2037-08-10,SENIOR_UNSECURED,USD,B-JPM-2037,,true
T00464,2022-08-13,SIVB,BOND,BUY,130000000,0.0386,2028-07-08,SENIOR_UNSECURED,USD,B-SIVB-2028,,true
T00186,2022-08-25,SIVB,TERM_LOAN,COMMIT,93100000,0.0585,2032-06-28,SENIOR_UNSECURED,USD,F-SIVB-3,,true
T00202,2022-08-29,SBNY,TERM_LOAN,COMMIT,161800000,0.0612,2028-09-03,SUBORDINATED,USD,F-SBNY-2,,true
T00254,2022-09-02,SYN07,TERM_LOAN,COMMIT,119200000,0.0871,2029-01-20,SENIOR_UNSECURED,USD,F-SYN07-1,,true
T00301,2022-09-02,SYN14,TERM_LOAN,COMMIT,178500000,0.08,2029-01-09,SENIOR_UNSECURED,USD,F-SYN14-1,,true
T00371,2022-09-08,SYN26,TERM_LOAN,COMMIT,223400000,0.06,2029-04-24,SUBORDINATED,INR,F-SYN26-1,,true
T00260,2022-09-26,SYN08,TERM_LOAN,COMMIT,69000000,0.058,2030-07-28,SENIOR_UNSECURED,USD,F-SYN08-1,,true
T00273,2022-10-11,SYN10,TERM_LOAN,COMMIT,242200000,0.0687,2032-09-04,SENIOR_UNSECURED,USD,F-SYN10-1,,true
T00476,2022-11-05,SYN04,BOND,BUY,163000000,0.0844,2034-05-21,SENIOR_UNSECURED,USD,B-SYN04-2034,,true
T00160,2022-11-22,LIN,TERM_LOAN,COMMIT,298500000,0.0553,2033-05-26,SENIOR_UNSECURED,USD,F-LIN-2,,true
T00032,2022-12-16,GOOGL,TERM_LOAN,COMMIT,503400000,0.0519,2033-02-09,SECURED,USD,F-GOOGL-3,,true
T00478,2022-12-21,SYN03,BOND,BUY,143000000,0.0775,2030-04-15,SENIOR_UNSECURED,USD,B-SYN03-2030,,true
T00150,2023-01-20,NEE,TERM_LOAN,COMMIT,270200000,0.0617,2029-04-04,SECURED,USD,F-NEE-2,,true
T00376,2023-02-12,SYN27,TERM_LOAN,COMMIT,176800000,0.0718,2031-10-19,SENIOR_UNSECURED,INR,F-SYN27-1,,true
T00276,2023-02-20,SYN11,TERM_LOAN,COMMIT,67800000,0.0799,2028-04-13,SUBORDINATED,USD,F-SYN11-1,,true
T00062,2023-02-27,TSLA,TERM_LOAN,COMMIT,409400000,0.0678,2029-08-19,SENIOR_UNSECURED,USD,F-TSLA-3,,true
T00023,2023-03-04,GOOGL,TERM_LOAN,COMMIT,512200000,0.0553,2031-04-16,SENIOR_UNSECURED,USD,F-GOOGL-1,,true
T00156,2023-03-05,LIN,REVOLVER,COMMIT,297000000,0.0707,2032-06-26,SENIOR_UNSECURED,USD,F-LIN-1,,true
T00236,2023-04-30,SYN05,TERM_LOAN,COMMIT,171600000,0.0694,2030-04-04,SECURED,USD,F-SYN05-1,,true
T00359,2023-05-01,SYN24,REVOLVER,COMMIT,130500000,0.0549,2027-10-04,SENIOR_UNSECURED,INR,F-SYN24-2,,true
T00450,2023-05-04,CAT,BOND,BUY,178000000,0.0446,2028-06-30,SENIOR_UNSECURED,USD,B-CAT-2028,,true
T00379,2023-05-13,SYN27,TERM_LOAN,COMMIT,269600000,0.0486,2032-07-04,SENIOR_UNSECURED,INR,F-SYN27-2,,true
T00312,2023-05-31,SYN15,TERM_LOAN,COMMIT,234500000,0.0665,2028-10-05,SECURED,USD,F-SYN15-2,,true
T00351,2023-06-04,SYN23,TERM_LOAN,COMMIT,223100000,0.0879,2029-08-28,SECURED,INR,F-SYN23-1,,true
T00282,2023-06-08,SYN12,TERM_LOAN,COMMIT,90900000,0.0747,2033-05-26,SENIOR_UNSECURED,USD,F-SYN12-1,,true
T00365,2023-06-22,SYN25,TERM_LOAN,DRAW,35925000,0.0885,2033-08-05,SENIOR_UNSECURED,INR,F-SYN25-1,,true
T00136,2023-06-28,KO,REVOLVER,DRAW,108776000,0.0852,2030-03-15,SENIOR_UNSECURED,USD,F-KO-1,,true
T00277,2023-06-28,SYN11,TERM_LOAN,DRAW,16950000,0.0799,2028-04-13,SUBORDINATED,USD,F-SYN11-1,,true
T00246,2023-07-06,SYN06,TERM_LOAN,DRAW,185000000,0.071,2031-05-10,SECURED,USD,F-SYN06-1,,true
T00044,2023-07-08,AMZN,TERM_LOAN,DRAW,167500000,0.0464,2028-11-02,SECURED,USD,F-AMZN-1,,true
T00091,2023-07-08,UNH,TERM_LOAN,DRAW,126300000,0.0903,2033-04-21,SENIOR_UNSECURED,USD,F-UNH-2,,true
T00315,2023-07-08,SYN16,TERM_LOAN,COMMIT,129700000,0.0707,2032-07-16,SENIOR_UNSECURED,USD,F-SYN16-1,,true
T00383,2023-07-08,SYN27,TERM_LOAN,DRAW,67400000,0.0486,2032-07-04,SENIOR_UNSECURED,INR,F-SYN27-2,,true
T00322,2023-07-13,SYN17,REVOLVER,COMMIT,193600000,0.085,2032-11-12,SECURED,USD,F-SYN17-2,,true
T00188,2023-07-14,SIVB,TERM_LOAN,DRAW,23275000,0.0585,2032-06-28,SENIOR_UNSECURED,USD,F-SIVB-3,,true
T00048,2023-07-20,AMZN,TERM_LOAN,COMMIT,478900000,0.0584,2029-07-06,SECURED,USD,F-AMZN-2,,true
T00084,2023-07-26,LLY,REVOLVER,COMMIT,212400000,0.087,2031-04-22,SECURED,USD,F-LLY-3,,true
T00398,2023-07-27,SYN29,TERM_LOAN,DRAW,53967000,0.0934,2029-11-25,SENIOR_UNSECURED,INR,F-SYN29-2,,true
T00166,2023-08-01,LIN,TERM_LOAN,DRAW,96200000,0.0504,2031-02-05,SECURED,USD,F-LIN-3,,true
T00261,2023-08-06,SYN08,TERM_LOAN,DRAW,34500000,0.058,2030-07-28,SENIOR_UNSECURED,USD,F-SYN08-1,,true
T00217,2023-08-07,HNB,TERM_LOAN,DRAW,90800000,0.0545,2031-08-04,SENIOR_UNSECURED,USD,F-HNB-2,,true
T00007,2023-08-08,MSFT,TERM_LOAN,COMMIT,352200000,0.0676,2028-04-18,SENIOR_UNSECURED,USD,F-MSFT-1,,true
T00013,2023-08-10,MSFT,TERM_LOAN,DRAW,193467000,0.0629,2032-04-15,SECURED,USD,F-MSFT-2,,true
T00344,2023-08-11,SYN21,TERM_LOAN,COMMIT,150000000,0.0578,2031-08-02,SUBORDINATED,INR,F-SYN21-1,,true
T00073,2023-08-17,JPM,REVOLVER,DRAW,125097000,0.0835,2032-02-08,SENIOR_UNSECURED,USD,F-JPM-2,,true
T00158,2023-08-24,LIN,REVOLVER,DRAW,39342000,0.0707,2032-06-26,SENIOR_UNSECURED,USD,F-LIN-1,,true
T00045,2023-08-25,AMZN,TERM_LOAN,DRAW,167500000,0.0464,2028-11-02,SECURED,USD,F-AMZN-1,,true
T00112,2023-08-27,CVX,TERM_LOAN,DRAW,147325000,0.0753,2027-10-20,SECURED,USD,F-CVX-3,,true
T00385,2023-08-29,SYN28,REVOLVER,DRAW,64909000,0.0476,2028-11-19,SUBORDINATED,INR,F-SYN28-1,,true
T00318,2023-09-01,SYN16,TERM_LOAN,DRAW,43233000,0.0707,2032-07-16,SENIOR_UNSECURED,USD,F-SYN16-1,,true
T00407,2023-09-02,SYN30,REVOLVER,DRAW,25031000,0.0544,2029-12-03,SUBORDINATED,INR,F-SYN30-2,,true
T00284,2023-09-08,SYN12,TERM_LOAN,DRAW,45450000,0.0747,2033-05-26,SENIOR_UNSECURED,USD,F-SYN12-1,,true
T00245,2023-09-10,SYN06,TERM_LOAN,COMMIT,185000000,0.071,2031-05-10,SECURED,USD,F-SYN06-1,,true
T00241,2023-09-12,SYN05,TERM_LOAN,DRAW,41000000,0.0458,2030-08-22,SUBORDINATED,USD,F-SYN05-2,,true
T00487,2023-09-19,SYN16,BOND,BUY,156000000,0.0528,2038-01-31,SENIOR_UNSECURED,USD,B-SYN16-2038,,true
T00440,2023-09-21,JPM,BOND,BUY,110000000,0.0277,2037-08-16,SENIOR_UNSECURED,USD,B-JPM-2037,,true
T00353,2023-09-24,SYN23,TERM_LOAN,DRAW,74367000,0.0879,2029-08-28,SECURED,INR,F-SYN23-1,,true
T00075,2023-09-26,BAC,TERM_LOAN,DRAW,87650000,0.0511,2028-09-19,SENIOR_UNSECURED,USD,F-BAC-1,,true
T00420,2023-09-30,SYN33,TERM_LOAN,DRAW,88967000,0.087,2027-11-29,SENIOR_UNSECURED,INR,F-SYN33-1,,true
T00262,2023-10-08,SYN08,TERM_LOAN,DRAW,34500000,0.058,2030-07-28,SENIOR_UNSECURED,USD,F-SYN08-1,,true
T00102,2023-10-09,CVX,TERM_LOAN,COMMIT,288000000,0.064,2033-06-22,SENIOR_UNSECURED,USD,F-CVX-1,,true
T00114,2023-10-09,CVX,TERM_LOAN,DRAW,147325000,0.0753,2027-10-20,SECURED,USD,F-CVX-3,,true
T00200,2023-10-13,SBNY,TERM_LOAN,DRAW,75650000,0.0929,2033-03-20,SUBORDINATED,USD,F-SBNY-1,,true
T00085,2023-10-14,LLY,REVOLVER,DRAW,157203000,0.087,2031-04-22,SECURED,USD,F-LLY-3,,true
T00167,2023-10-15,LIN,TERM_LOAN,DRAW,96200000,0.0504,2031-02-05,SECURED,USD,F-LIN-3,,true
T00279,2023-10-17,SYN11,TERM_LOAN,DRAW,16950000,0.0799,2028-04-13,SUBORDINATED,USD,F-SYN11-1,,true
T00178,2023-10-23,SIVB,TERM_LOAN,COMMIT,170600000,0.0758,2033-08-17,SECURED,USD,F-SIVB-1,,true
T00103,2023-10-25,CVX,TERM_LOAN,DRAW,144000000,0.064,2033-06-22,SENIOR_UNSECURED,USD,F-CVX-1,,true
T00016,2023-10-27,NVDA,TERM_LOAN,DRAW,125700000,0.053,2030-04-01,SENIOR_UNSECURED,USD,F-NVDA-1,,true
T00130,2023-10-30,PG,REVOLVER,COMMIT,269400000,0.0613,2029-02-06,SECURED,USD,F-PG-2,,true
T00205,2023-11-05,SBNY,TERM_LOAN,COMMIT,208900000,0.0464,2029-09-19,SECURED,USD,F-SBNY-3,,true
T00287,2023-11-06,SYN12,TERM_LOAN,DRAW,51500000,0.0571,2031-04-13,SUBORDINATED,USD,F-SYN12-2,,true
T00419,2023-11-14,SYN33,TERM_LOAN,DRAW,88967000,0.087,2027-11-29,SENIOR_UNSECURED,INR,F-SYN33-1,,true
T00005,2023-11-15,AAPL,REVOLVER,DRAW,98421000,0.0911,2029-04-18,SECURED,USD,F-AAPL-1,,true
T00022,2023-11-16,NVDA,TERM_LOAN,DRAW,161500000,0.0602,2029-09-16,SENIOR_UNSECURED,USD,F-NVDA-3,,true
T00035,2023-11-16,META,TERM_LOAN,COMMIT,322400000,0.0582,2029-10-22,SENIOR_UNSECURED,USD,F-META-1,,true
T00342,2023-11-16,SYN20,TERM_LOAN,DRAW,57150000,0.0515,2032-04-06,SUBORDINATED,USD,F-SYN20-1,,true
T00131,2023-11-25,PG,REVOLVER,DRAW,48817000,0.0613,2029-02-06,SECURED,USD,F-PG-2,,true
T00011,2023-11-28,MSFT,TERM_LOAN,DRAW,193467000,0.0629,2032-04-15,SECURED,USD,F-MSFT-2,,true
T00172,2023-12-02,AMT,TERM_LOAN,DRAW,112100000,0.0753,2029-10-29,SENIOR_UNSECURED,USD,F-AMT-1,,true
T00433,2023-12-03,GOOGL,BOND,BUY,167000000,0.0479,2038-03-17,SENIOR_UNSECURED,USD,B-GOOGL-2038,,true
T00179,2023-12-04,SIVB,TERM_LOAN,DRAW,56867000,0.0758,2033-08-17,SECURED,USD,F-SIVB-1,,true
T00029,2023-12-15,GOOGL,TERM_LOAN,DRAW,59500000,0.0722,2028-01-07,SENIOR_UNSECURED,USD,F-GOOGL-2,,true
T00152,2023-12-16,NEE,TERM_LOAN,DRAW,67550000,0.0617,2029-04-04,SECURED,USD,F-NEE-2,,true
T00257,2023-12-19,SYN07,TERM_LOAN,DRAW,69750000,0.0708,2032-10-14,SUBORDINATED,USD,F-SYN07-2,,true
T00444,2023-12-20,LLY,BOND,BUY,89000000,0.0476,2040-07-11,SENIOR_UNSECURED,USD,B-LLY-2040,,true
T00110,2023-12-22,CVX,TERM_LOAN,COMMIT,589300000,0.0753,2027-10-20,SECURED,USD,F-CVX-3,,true
T00002,2023-12-24,AAPL,REVOLVER,DRAW,98421000,0.0911,2029-04-18,SECURED,USD,F-AAPL-1,,true
T00288,2023-12-26,SYN12,TERM_LOAN,DRAW,51500000,0.0571,2031-04-13,SUBORDINATED,USD,F-SYN12-2,,true
T00387,2023-12-27,SYN28,TERM_LOAN,COMMIT,77400000,0.0656,2033-07-14,SUBORDINATED,INR,F-SYN28-2,,true
T00151,2023-12-31,NEE,TERM_LOAN,DRAW,67550000,0.0617,2029-04-04,SECURED,USD,F-NEE-2,,true
T00429,2024-01-02,MSFT,BOND,BUY,215000000,0.0265,2028-05-13,SENIOR_UNSECURED,USD,B-MSFT-2028,,true
T00286,2024-01-09,SYN12,TERM_LOAN,COMMIT,103000000,0.0571,2031-04-13,SUBORDINATED,USD,F-SYN12-2,,true
T00203,2024-01-10,SBNY,TERM_LOAN,DRAW,161800000,0.0612,2028-09-03,SUBORDINATED,USD,F-SBNY-2,,true
T00233,2024-01-10,SYN04,TERM_LOAN,COMMIT,262700000,0.0604,2032-01-17,SECURED,USD,F-SYN04-1,,true
T00087,2024-01-11,UNH,TERM_LOAN,DRAW,192100000,0.0779,2029-08-25,SECURED,USD,F-UNH-1,,true
T00299,2024-01-13,SYN13,TERM_LOAN,DRAW,79600000,0.0672,2030-05-17,SECURED,USD,F-SYN13-2,,true
T00225,2024-01-15,SYN01,REVOLVER,DRAW,49559000,0.0785,2033-04-29,SENIOR_UNSECURED,USD,F-SYN01-2,,true
T00235,2024-01-15,SYN04,TERM_LOAN,DRAW,131350000,0.0604,2032-01-17,SECURED,USD,F-SYN04-1,,true
T00270,2024-01-16,SYN09,REVOLVER,DRAW,40152000,0.0532,2028-10-09,SENIOR_UNSECURED,USD,F-SYN09-1,,true
T00037,2024-01-17,META,TERM_LOAN,DRAW,80600000,0.0582,2029-10-22,SENIOR_UNSECURED,USD,F-META-1,,true
T00242,2024-01-21,SYN05,TERM_LOAN,DRAW,41000000,0.0458,2030-08-22,SUBORDINATED,USD,F-SYN05-2,,true
T00184,2024-01-25,SIVB,TERM_LOAN,DRAW,221300000,0.0913,2031-07-11,SUBORDINATED,USD,F-SIVB-2,,true
T00224,2024-01-30,SYN01,REVOLVER,DRAW,49559000,0.0785,2033-04-29,SENIOR_UNSECURED,USD,F-SYN01-2,,true
T00428,2024-02-01,MSFT,BOND,BUY,218000000,0.0333,2031-04-15,SENIOR_UNSECURED,USD,B-MSFT-2031,,true
T00209,2024-02-03,CS,TERM_LOAN,DRAW,29075000,0.0529,2029-01-07,SUBORDINATED,USD,F-CS-1,,true
T00506,2024-02-03,SYN16,IRS,PAY_FIXED,1133000000,0.0322,2028-09-29,CSA,USD,IRS-07,,true
T00024,2024-02-04,GOOGL,TERM_LOAN,DRAW,170733000,0.0553,2031-04-16,SENIOR_UNSECURED,USD,F-GOOGL-1,,true
T00196,2024-02-07,FRC,TERM_LOAN,DRAW,41433000,0.0539,2033-05-21,SECURED,USD,F-FRC-2,,true
T00228,2024-02-08,SYN02,REVOLVER,DRAW,74230000,0.0485,2031-04-14,SENIOR_UNSECURED,USD,F-SYN02-1,,true
T00126,2024-02-10,PG,TERM_LOAN,COMMIT,400000000,0.0792,2032-09-17,SENIOR_UNSECURED,USD,F-PG-1,,true
T00437,2024-02-12,TSLA,BOND,BUY,124000000,0.0499,2040-10-18,SENIOR_UNSECURED,USD,B-TSLA-2040,,true
T00042,2024-02-13,META,REVOLVER,DRAW,36000000,0.0858,2032-07-09,SECURED,USD,F-META-2,,true
T00409,2024-02-13,SYN31,TERM_LOAN,COMMIT,123400000,0.0526,2033-03-30,SENIOR_UNSECURED,INR,F-SYN31-1,,true
T00227,2024-02-17,SYN02,REVOLVER,COMMIT,127600000,0.0485,2031-04-14,SENIOR_UNSECURED,USD,F-SYN02-1,,true
T00309,2024-02-17,SYN15,TERM_LOAN,DRAW,64100000,0.0719,2033-03-19,SECURED,USD,F-SYN15-1,,true
T00255,2024-02-27,SYN07,TERM_LOAN,DRAW,119200000,0.0871,2029-01-20,SENIOR_UNSECURED,USD,F-SYN07-1,,true
T00297,2024-03-01,SYN13,TERM_LOAN,DRAW,79600000,0.0672,2030-05-17,SECURED,USD,F-SYN13-2,,true
T00313,2024-03-03,SYN15,TERM_LOAN,DRAW,117250000,0.0665,2028-10-05,SECURED,USD,F-SYN15-2,,true
T00292,2024-03-05,SYN13,TERM_LOAN,DRAW,37525000,0.0754,2027-11-13,SECURED,USD,F-SYN13-1,,true
T00341,2024-03-10,SYN20,TERM_LOAN,DRAW,57150000,0.0515,2032-04-06,SUBORDINATED,USD,F-SYN20-1,,true
T00356,2024-03-10,SYN24,TERM_LOAN,DRAW,90000000,0.0595,2030-11-27,SECURED,INR,F-SYN24-1,,true
T00382,2024-03-12,SYN27,TERM_LOAN,DRAW,67400000,0.0486,2032-07-04,SENIOR_UNSECURED,INR,F-SYN27-2,,true
T00545,2024-03-15,NEE,EQUITY,BUY,77000000,0.0,2026-09-30,NONE,USD,EQ-NEE,,true
T00237,2024-03-16,SYN05,TERM_LOAN,DRAW,85800000,0.0694,2030-04-04,SECURED,USD,F-SYN05-1,,true
T00069,2024-03-20,JPM,TERM_LOAN,DRAW,136325000,0.0701,2029-12-27,SECURED,USD,F-JPM-1,,true
T00416,2024-03-24,SYN32,REVOLVER,DRAW,68992000,0.0921,2028-07-12,SECURED,INR,F-SYN32-1,,true
T00425,2024-03-27,SYN35,TERM_LOAN,DRAW,257400000,0.0719,2032-07-11,SECURED,INR,F-SYN35-1,,true
T00504,2024-03-29,SYN11,IRS,RECEIVE_FIXED,855000000,0.0447,2028-09-29,CSA,USD,IRS-05,,true
T00363,2024-04-02,SYN25,TERM_LOAN,COMMIT,143700000,0.0885,2033-08-05,SENIOR_UNSECURED,INR,F-SYN25-1,,true
T00422,2024-04-05,SYN34,TERM_LOAN,COMMIT,140000000,0.0694,2033-05-11,SUBORDINATED,INR,F-SYN34-1,,true
T00216,2024-04-07,HNB,TERM_LOAN,COMMIT,90800000,0.0545,2031-08-04,SENIOR_UNSECURED,USD,F-HNB-2,,true
T00146,2024-04-14,NEE,TERM_LOAN,COMMIT,531300000,0.0708,2032-04-29,SECURED,USD,F-NEE-1,,true
T00345,2024-04-14,SYN21,TERM_LOAN,DRAW,75000000,0.0578,2031-08-02,SUBORDINATED,INR,F-SYN21-1,,true
T00339,2024-04-17,SYN20,TERM_LOAN,DRAW,57150000,0.0515,2032-04-06,SUBORDINATED,USD,F-SYN20-1,,true
T00207,2024-04-18,SBNY,TERM_LOAN,DRAW,104450000,0.0464,2029-09-19,SECURED,USD,F-SBNY-3,,true
T00431,2024-04-18,NVDA,BOND,BUY,118000000,0.0373,2032-04-24,SENIOR_UNSECURED,USD,B-NVDA-2032,,true
T00208,2024-04-19,CS,TERM_LOAN,COMMIT,116300000,0.0529,2029-01-07,SUBORDINATED,USD,F-CS-1,,true
T00321,2024-04-21,SYN17,TERM_LOAN,DRAW,117900000,0.0625,2032-09-24,SECURED,USD,F-SYN17-1,,true
T00454,2024-04-22,PG,BOND,BUY,178000000,0.0462,2034-04-20,SENIOR_UNSECURED,USD,B-PG-2034,,true
T00468,2024-04-24,FRC,BOND,BUY,58000000,0.0524,2041-08-07,SENIOR_UNSECURED,USD,B-FRC-2041,,true
T00542,2024-04-28,XOM,EQUITY,BUY,29000000,0.0,2026-09-30,NONE,USD,EQ-XOM,,true
T00248,2024-05-02,SYN06,TERM_LOAN,COMMIT,101900000,0.0851,2032-08-02,SUBORDINATED,USD,F-SYN06-2,,true
T00316,2024-05-06,SYN16,TERM_LOAN,DRAW,43233000,0.0707,2032-07-16,SENIOR_UNSECURED,USD,F-SYN16-1,,true
T00017,2024-05-10,NVDA,TERM_LOAN,DRAW,125700000,0.053,2030-04-01,SENIOR_UNSECURED,USD,F-NVDA-1,,true
T00421,2024-05-10,SYN33,TERM_LOAN,DRAW,88967000,0.087,2027-11-29,SENIOR_UNSECURED,INR,F-SYN33-1,,true
T00176,2024-05-12,AMT,REVOLVER,DRAW,84395000,0.0587,2028-12-08,SENIOR_UNSECURED,USD,F-AMT-2,,true
T00096,2024-05-13,XOM,TERM_LOAN,DRAW,177950000,0.0787,2033-02-14,SENIOR_UNSECURED,USD,F-XOM-1,,true
T00298,2024-05-13,SYN13,TERM_LOAN,DRAW,79600000,0.0672,2030-05-17,SECURED,USD,F-SYN13-2,,true
T00143,2024-05-15,KO,TERM_LOAN,DRAW,90200000,0.0651,2030-06-29,SECURED,USD,F-KO-3,,true
T00477,2024-05-21,SYN03,BOND,BUY,175000000,0.0776,2031-10-30,SENIOR_UNSECURED,USD,B-SYN03-2031,,true
T00362,2024-05-22,SYN24,REVOLVER,DRAW,33421000,0.0549,2027-10-04,SENIOR_UNSECURED,INR,F-SYN24-2,,true
T00063,2024-05-26,TSLA,TERM_LOAN,DRAW,409400000,0.0678,2029-08-19,SENIOR_UNSECURED,USD,F-TSLA-3,,true
T00132,2024-05-28,PG,REVOLVER,DRAW,48817000,0.0613,2029-02-06,SECURED,USD,F-PG-2,,true
T00455,2024-06-02,PG,BOND,BUY,59000000,0.0281,2033-08-21,SENIOR_UNSECURED,USD,B-PG-2033,,true
T00174,2024-06-03,AMT,REVOLVER,COMMIT,526400000,0.0587,2028-12-08,SENIOR_UNSECURED,USD,F-AMT-2,,true
T00149,2024-06-04,NEE,TERM_LOAN,DRAW,177100000,0.0708,2032-04-29,SECURED,USD,F-NEE-1,,true
T00089,2024-06-05,UNH,TERM_LOAN,COMMIT,378900000,0.0903,2033-04-21,SENIOR_UNSECURED,USD,F-UNH-2,,true
T00560,2024-06-07,BA,EQUITY,BUY,23000000,0.0,2026-09-30,NONE,USD,EQ-BA,,true
T00446,2024-06-08,UNH,BOND,BUY,185000000,0.0302,2038-08-03,SENIOR_UNSECURED,USD,B-UNH-2038,,true
T00263,2024-06-18,SYN08,TERM_LOAN,COMMIT,167800000,0.0564,2030-12-29,SENIOR_UNSECURED,USD,F-SYN08-2,,true
T00018,2024-06-23,NVDA,TERM_LOAN,DRAW,125700000,0.053,2030-04-01,SENIOR_UNSECURED,USD,F-NVDA-1,,true
T00033,2024-06-24,GOOGL,TERM_LOAN,DRAW,251700000,0.0519,2033-02-09,SECURED,USD,F-GOOGL-3,,true
T00319,2024-06-25,SYN17,TERM_LOAN,COMMIT,235800000,0.0625,2032-09-24,SECURED,USD,F-SYN17-1,,true
T00544,2024-07-04,NVDA,EQUITY,BUY,32000000,0.0,2026-09-30,NONE,USD,EQ-NVDA,,true
T00135,2024-07-11,KO,REVOLVER,COMMIT,491500000,0.0852,2030-03-15,SENIOR_UNSECURED,USD,F-KO-1,,true
T00307,2024-07-18,SYN15,TERM_LOAN,COMMIT,192300000,0.0719,2033-03-19,SECURED,USD,F-SYN15-1,,true
T00077,2024-07-20,LLY,REVOLVER,COMMIT,163000000,0.0658,2028-07-02,SECURED,USD,F-LLY-1,,true
T00366,2024-07-20,SYN25,TERM_LOAN,DRAW,35925000,0.0885,2033-08-05,SENIOR_UNSECURED,INR,F-SYN25-1,,true
T00314,2024-07-24,SYN15,TERM_LOAN,DRAW,117250000,0.0665,2028-10-05,SECURED,USD,F-SYN15-2,,true
T00550,2024-07-25,FRC,EQUITY,BUY,97000000,0.0,2026-09-30,NONE,USD,EQ-FRC,,true
T00098,2024-07-29,XOM,TERM_LOAN,COMMIT,466100000,0.0492,2031-07-30,SENIOR_UNSECURED,USD,F-XOM-2,,true
T00546,2024-07-31,LIN,EQUITY,BUY,113000000,0.0,2026-09-30,NONE,USD,EQ-LIN,,true
T00118,2024-08-08,CAT,TERM_LOAN,DRAW,183067000,0.0802,2031-10-01,SECURED,USD,F-CAT-1,,true
T00512,2024-08-12,JPM,IRS,PAY_FIXED,1104000000,0.032,2031-09-29,CSA,USD,IRS-13,,true
T00349,2024-08-14,SYN22,TERM_LOAN,DRAW,95150000,0.0851,2029-04-17,SECURED,INR,F-SYN22-1,,true
T00486,2024-08-15,SYN22,BOND,BUY,109000000,0.0796,2030-03-06,SENIOR_UNSECURED,INR,B-SYN22-2030,,true
T00201,2024-08-16,SBNY,TERM_LOAN,DRAW,75650000,0.0929,2033-03-20,SUBORDINATED,USD,F-SBNY-1,,true
T00190,2024-08-17,SIVB,TERM_LOAN,DRAW,23275000,0.0585,2032-06-28,SENIOR_UNSECURED,USD,F-SIVB-3,,true
T00210,2024-08-18,CS,TERM_LOAN,DRAW,29075000,0.0529,2029-01-07,SUBORDINATED,USD,F-CS-1,,true
T00501,2024-08-27,SYN34,IRS,RECEIVE_FIXED,1076000000,0.0371,2028-09-29,CSA,USD,IRS-02,,true
T00367,2024-08-28,SYN25,TERM_LOAN,DRAW,35925000,0.0885,2033-08-05,SENIOR_UNSECURED,INR,F-SYN25-1,,true
T00108,2024-08-30,CVX,REVOLVER,DRAW,50908000,0.0844,2031-04-20,SECURED,USD,F-CVX-2,,true
T00067,2024-09-01,JPM,TERM_LOAN,DRAW,136325000,0.0701,2029-12-27,SECURED,USD,F-JPM-1,,true
T00280,2024-09-01,SYN11,TERM_LOAN,DRAW,16950000,0.0799,2028-04-13,SUBORDINATED,USD,F-SYN11-1,,true
T00111,2024-09-02,CVX,TERM_LOAN,DRAW,147325000,0.0753,2027-10-20,SECURED,USD,F-CVX-3,,true
T00076,2024-09-05,BAC,TERM_LOAN,DRAW,87650000,0.0511,2028-09-19,SENIOR_UNSECURED,USD,F-BAC-1,,true
T00513,2024-09-12,SYN27,IRS,PAY_FIXED,1003000000,0.0433,2029-09-29,CSA,USD,IRS-14,,true
T00125,2024-09-18,BA,TERM_LOAN,DRAW,49450000,0.0887,2030-08-26,SENIOR_UNSECURED,USD,F-BA-1,,true
T00400,2024-09-18,SYN30,TERM_LOAN,COMMIT,181400000,0.0682,2031-11-18,SENIOR_UNSECURED,INR,F-SYN30-1,,true
T00308,2024-09-19,SYN15,TERM_LOAN,DRAW,64100000,0.0719,2033-03-19,SECURED,USD,F-SYN15-1,,true
T00020,2024-09-20,NVDA,TERM_LOAN,DRAW,513100000,0.0503,2027-10-30,SENIOR_UNSECURED,USD,F-NVDA-2,,true
T00494,2024-09-24,UST,BOND,BUY,648000000,0.041,2033-09-28,SOVEREIGN,USD,UST-7Y,,true
T00423,2024-09-30,SYN34,TERM_LOAN,DRAW,140000000,0.0694,2033-05-11,SUBORDINATED,INR,F-SYN34-1,,true
T00333,2024-10-02,SYN19,TERM_LOAN,DRAW,24500000,0.0503,2028-05-05,SUBORDINATED,USD,F-SYN19-2,,true
T00471,2024-10-03,CS,BOND,BUY,125000000,0.0516,2040-09-21,SENIOR_UNSECURED,USD,B-CS-2040,,true
T00181,2024-10-05,SIVB,TERM_LOAN,DRAW,56867000,0.0758,2033-08-17,SECURED,USD,F-SIVB-1,,true
T00153,2024-10-07,NEE,TERM_LOAN,DRAW,67550000,0.0617,2029-04-04,SECURED,USD,F-NEE-2,,true
T00278,2024-10-07,SYN11,TERM_LOAN,DRAW,16950000,0.0799,2028-04-13,SUBORDINATED,USD,F-SYN11-1,,true
T00460,2024-10-10,LIN,BOND,BUY,129000000,0.06,2041-04-02,SENIOR_UNSECURED,USD,B-LIN-2041,,true
T00144,2024-10-11,KO,TERM_LOAN,DRAW,90200000,0.0651,2030-06-29,SECURED,USD,F-KO-3,,true
T00361,2024-10-11,SYN24,REVOLVER,DRAW,33421000,0.0549,2027-10-04,SENIOR_UNSECURED,INR,F-SYN24-2,,true
T00549,2024-10-14,TSLA,EQUITY,BUY,33000000,0.0,2026-09-30,NONE,USD,EQ-TSLA,,true
T00435,2024-10-23,META,BOND,BUY,194000000,0.0573,2038-02-11,SENIOR_UNSECURED,USD,B-META-2038,,true
T00147,2024-10-24,NEE,TERM_LOAN,DRAW,177100000,0.0708,2032-04-29,SECURED,USD,F-NEE-1,,true
T00169,2024-10-31,AMT,TERM_LOAN,DRAW,112100000,0.0753,2029-10-29,SENIOR_UNSECURED,USD,F-AMT-1,,true
T00222,2024-11-01,SYN01,REVOLVER,COMMIT,159800000,0.0785,2033-04-29,SENIOR_UNSECURED,USD,F-SYN01-2,,true
T00021,2024-11-02,NVDA,TERM_LOAN,COMMIT,161500000,0.0602,2029-09-16,SENIOR_UNSECURED,USD,F-NVDA-3,,true
T00039,2024-11-02,META,TERM_LOAN,DRAW,80600000,0.0582,2029-10-22,SENIOR_UNSECURED,USD,F-META-1,,true
T00189,2024-11-02,SIVB,TERM_LOAN,DRAW,23275000,0.0585,2032-06-28,SENIOR_UNSECURED,USD,F-SIVB-3,,true
T00303,2024-11-03,SYN14,TERM_LOAN,DRAW,44625000,0.08,2029-01-09,SENIOR_UNSECURED,USD,F-SYN14-1,,true
T00364,2024-11-05,SYN25,TERM_LOAN,DRAW,35925000,0.0885,2033-08-05,SENIOR_UNSECURED,INR,F-SYN25-1,,true
T00274,2024-11-09,SYN10,TERM_LOAN,DRAW,121100000,0.0687,2032-09-04,SENIOR_UNSECURED,USD,F-SYN10-1,,true
T00234,2024-11-10,SYN04,TERM_LOAN,DRAW,131350000,0.0604,2032-01-17,SECURED,USD,F-SYN04-1,,true
T00392,2024-11-11,SYN29,TERM_LOAN,COMMIT,122100000,0.0525,2030-11-20,SUBORDINATED,INR,F-SYN29-1,,true
T00071,2024-11-16,JPM,REVOLVER,DRAW,125097000,0.0835,2032-02-08,SENIOR_UNSECURED,USD,F-JPM-2,,true
T00180,2024-11-18,SIVB,TERM_LOAN,DRAW,56867000,0.0758,2033-08-17,SECURED,USD,F-SIVB-1,,true
T00133,2024-11-27,PG,REVOLVER,DRAW,48817000,0.0613,2029-02-06,SECURED,USD,F-PG-2,,true
T00094,2024-11-30,XOM,TERM_LOAN,COMMIT,355900000,0.0787,2033-02-14,SENIOR_UNSECURED,USD,F-XOM-1,,true
T00384,2024-12-01,SYN28,REVOLVER,COMMIT,254300000,0.0476,2028-11-19,SUBORDINATED,INR,F-SYN28-1,,true
T00161,2024-12-06,LIN,TERM_LOAN,DRAW,149250000,0.0553,2033-05-26,SENIOR_UNSECURED,USD,F-LIN-2,,true
T00212,2024-12-07,CS,TERM_LOAN,DRAW,29075000,0.0529,2029-01-07,SUBORDINATED,USD,F-CS-1,,true
T00283,2024-12-11,SYN12,TERM_LOAN,DRAW,45450000,0.0747,2033-05-26,SENIOR_UNSECURED,USD,F-SYN12-1,,true
T00412,2024-12-11,SYN31,TERM_LOAN,DRAW,30850000,0.0526,2033-03-30,SENIOR_UNSECURED,INR,F-SYN31-1,,true
T00119,2024-12-20,CAT,TERM_LOAN,DRAW,183067000,0.0802,2031-10-01,SECURED,USD,F-CAT-1,,true
T00123,2024-12-22,BA,TERM_LOAN,DRAW,49450000,0.0887,2030-08-26,SENIOR_UNSECURED,USD,F-BA-1,,true
T00199,2024-12-24,SBNY,TERM_LOAN,COMMIT,151300000,0.0929,2033-03-20,SUBORDINATED,USD,F-SBNY-1,,true
T00483,2024-12-28,SYN28,BOND,BUY,121000000,0.0518,2035-04-10,SENIOR_UNSECURED,INR,B-SYN28-2035,,true
T00296,2024-12-30,SYN13,TERM_LOAN,COMMIT,238800000,0.0672,2030-05-17,SECURED,USD,F-SYN13-2,,true
T00393,2025-01-04,SYN29,TERM_LOAN,DRAW,61050000,0.0525,2030-11-20,SUBORDINATED,INR,F-SYN29-1,,true
T00370,2025-01-06,SYN25,REVOLVER,DRAW,197864000,0.0657,2027-10-21,SUBORDINATED,INR,F-SYN25-2,,true
T00066,2025-01-11,JPM,TERM_LOAN,DRAW,136325000,0.0701,2029-12-27,SECURED,USD,F-JPM-1,,true
T00055,2025-01-12,TSLA,TERM_LOAN,DRAW,163867000,0.0773,2032-07-22,SECURED,USD,F-TSLA-1,,true
T00377,2025-01-16,SYN27,TERM_LOAN,DRAW,176800000,0.0718,2031-10-19,SENIOR_UNSECURED,INR,F-SYN27-1,,true
T00036,2025-01-19,META,TERM_LOAN,DRAW,80600000,0.0582,2029-10-22,SENIOR_UNSECURED,USD,F-META-1,,true
T00390,2025-01-20,SYN28,TERM_LOAN,DRAW,19350000,0.0656,2033-07-14,SUBORDINATED,INR,F-SYN28-2,,true
T00406,2025-01-21,SYN30,REVOLVER,DRAW,25031000,0.0544,2029-12-03,SUBORDINATED,INR,F-SYN30-2,,true
T00107,2025-01-24,CVX,REVOLVER,DRAW,50908000,0.0844,2031-04-20,SECURED,USD,F-CVX-2,,true
T00053,2025-02-11,TSLA,TERM_LOAN,DRAW,163867000,0.0773,2032-07-22,SECURED,USD,F-TSLA-1,,true
T00397,2025-02-11,SYN29,TERM_LOAN,DRAW,53967000,0.0934,2029-11-25,SENIOR_UNSECURED,INR,F-SYN29-2,,true
T00092,2025-02-13,UNH,TERM_LOAN,DRAW,126300000,0.0903,2033-04-21,SENIOR_UNSECURED,USD,F-UNH-2,,true
T00218,2025-02-18,SYN01,REVOLVER,COMMIT,217200000,0.0711,2027-10-20,SUBORDINATED,USD,F-SYN01-1,,true
T00034,2025-02-19,GOOGL,TERM_LOAN,DRAW,251700000,0.0519,2033-02-09,SECURED,USD,F-GOOGL-3,,true
T00163,2025-02-23,LIN,TERM_LOAN,COMMIT,384800000,0.0504,2031-02-05,SECURED,USD,F-LIN-3,,true
T00527,2025-02-25,DEALER,CDS,BUY_PROTECTION,127000000,0.0189,2031-03-22,CSA,USD,CDS-02,reference=CAT,true
T00139,2025-02-28,KO,REVOLVER,DRAW,178069000,0.0883,2029-05-05,SENIOR_UNSECURED,USD,F-KO-2,,true
T00194,2025-03-02,FRC,TERM_LOAN,COMMIT,124300000,0.0539,2033-05-21,SECURED,USD,F-FRC-2,,true
T00004,2025-03-04,AAPL,REVOLVER,DRAW,98421000,0.0911,2029-04-18,SECURED,USD,F-AAPL-1,,true
T00491,2025-03-08,UST,BOND,BUY,877000000,0.039,2028-09-29,SOVEREIGN,USD,UST-2Y,,true
T00050,2025-03-09,AMZN,TERM_LOAN,DRAW,239450000,0.0584,2029-07-06,SECURED,USD,F-AMZN-2,,true
T00138,2025-03-10,KO,REVOLVER,COMMIT,526000000,0.0883,2029-05-05,SENIOR_UNSECURED,USD,F-KO-2,,true
T00543,2025-03-11,AMZN,EQUITY,BUY,39000000,0.0,2026-09-30,NONE,USD,EQ-AMZN,,true
T00122,2025-03-12,BA,TERM_LOAN,DRAW,49450000,0.0887,2030-08-26,SENIOR_UNSECURED,USD,F-BA-1,,true
T00355,2025-03-16,SYN24,TERM_LOAN,COMMIT,180000000,0.0595,2030-11-27,SECURED,INR,F-SYN24-1,,true
T00056,2025-03-23,TSLA,TERM_LOAN,COMMIT,267400000,0.0883,2027-10-30,SENIOR_UNSECURED,USD,F-TSLA-2,,true
T00168,2025-03-27,AMT,TERM_LOAN,COMMIT,448400000,0.0753,2029-10-29,SENIOR_UNSECURED,USD,F-AMT-1,,true
T00065,2025-04-03,JPM,TERM_LOAN,COMMIT,545300000,0.0701,2029-12-27,SECURED,USD,F-JPM-1,,true
T00170,2025-04-06,AMT,TERM_LOAN,DRAW,112100000,0.0753,2029-10-29,SENIOR_UNSECURED,USD,F-AMT-1,,true
T00555,2025-04-11,KO,EQUITY,BUY,77000000,0.0,2026-09-30,NONE,USD,EQ-KO,,true
T00496,2025-04-16,UST,BOND,BUY,477000000,0.039,2046-09-25,SOVEREIGN,USD,UST-20Y,,true
T00250,2025-04-18,SYN06,TERM_LOAN,DRAW,25475000,0.0851,2032-08-02,SUBORDINATED,USD,F-SYN06-2,,true
T00557,2025-04-19,BAC,EQUITY,BUY,90000000,0.0,2026-09-30,NONE,USD,EQ-BAC,,true
T00515,2025-04-21,SYN01,IRS,RECEIVE_FIXED,246000000,0.0407,2036-09-27,CSA,USD,IRS-16,,true
T00265,2025-04-22,SYN08,TERM_LOAN,DRAW,41950000,0.0564,2030-12-29,SENIOR_UNSECURED,USD,F-SYN08-2,,true
T00310,2025-04-22,SYN15,TERM_LOAN,DRAW,64100000,0.0719,2033-03-19,SECURED,USD,F-SYN15-1,,true
T00325,2025-05-05,SYN17,REVOLVER,DRAW,27285000,0.085,2032-11-12,SECURED,USD,F-SYN17-2,,true
T00060,2025-05-07,TSLA,TERM_LOAN,DRAW,66850000,0.0883,2027-10-30,SENIOR_UNSECURED,USD,F-TSLA-2,,true
T00140,2025-05-09,KO,REVOLVER,DRAW,178069000,0.0883,2029-05-05,SENIOR_UNSECURED,USD,F-KO-2,,true
T00352,2025-05-09,SYN23,TERM_LOAN,DRAW,74367000,0.0879,2029-08-28,SECURED,INR,F-SYN23-1,,true
T00025,2025-05-11,GOOGL,TERM_LOAN,DRAW,170733000,0.0553,2031-04-16,SENIOR_UNSECURED,USD,F-GOOGL-1,,true
T00090,2025-05-12,UNH,TERM_LOAN,DRAW,126300000,0.0903,2033-04-21,SENIOR_UNSECURED,USD,F-UNH-2,,true
T00485,2025-05-15,SYN22,BOND,BUY,59000000,0.0472,2040-07-09,SENIOR_UNSECURED,INR,B-SYN22-2040,,true
T00472,2025-05-18,CS,BOND,BUY,116000000,0.0376,2035-08-06,SENIOR_UNSECURED,USD,B-CS-2035,,true
T00081,2025-05-21,LLY,TERM_LOAN,COMMIT,457700000,0.0843,2033-01-28,SENIOR_UNSECURED,USD,F-LLY-2,,true
T00492,2025-05-22,UST,BOND,BUY,325000000,0.0367,2029-09-29,SOVEREIGN,USD,UST-3Y,,true
T00317,2025-05-26,SYN16,TERM_LOAN,DRAW,43233000,0.0707,2032-07-16,SENIOR_UNSECURED,USD,F-SYN16-1,,true
T00302,2025-05-28,SYN14,TERM_LOAN,DRAW,44625000,0.08,2029-01-09,SENIOR_UNSECURED,USD,F-SYN14-1,,true
T00436,2025-06-06,AMZN,BOND,BUY,123000000,0.0325,2038-03-23,SENIOR_UNSECURED,USD,B-AMZN-2038,,true
T00078,2025-06-08,LLY,REVOLVER,DRAW,66501000,0.0658,2028-07-02,SECURED,USD,F-LLY-1,,true
T00239,2025-06-10,SYN05,TERM_LOAN,COMMIT,164000000,0.0458,2030-08-22,SUBORDINATED,USD,F-SYN05-2,,true
T00374,2025-06-10,SYN26,TERM_LOAN,DRAW,74467000,0.06,2029-04-24,SUBORDINATED,INR,F-SYN26-1,,true
T00046,2025-06-14,AMZN,TERM_LOAN,DRAW,167500000,0.0464,2028-11-02,SECURED,USD,F-AMZN-1,,true
T00326,2025-06-17,SYN17,REVOLVER,DRAW,27285000,0.085,2032-11-12,SECURED,USD,F-SYN17-2,,true
T00432,2025-06-17,GOOGL,BOND,BUY,193000000,0.0409,2030-12-15,SENIOR_UNSECURED,USD,B-GOOGL-2030,,true
T00183,2025-06-18,SIVB,TERM_LOAN,COMMIT,221300000,0.0913,2031-07-11,SUBORDINATED,USD,F-SIVB-2,,true
T00040,2025-06-19,META,REVOLVER,COMMIT,204000000,0.0858,2032-07-09,SECURED,USD,F-META-2,,true
T00561,2025-06-20,GOOGL,EQUITY,BUY,109000000,0.0,2026-09-30,NONE,USD,EQ-GOOGL,,true
T00211,2025-06-29,CS,TERM_LOAN,DRAW,29075000,0.0529,2029-01-07,SUBORDINATED,USD,F-CS-1,,true
T00411,2025-07-02,SYN31,TERM_LOAN,DRAW,30850000,0.0526,2033-03-30,SENIOR_UNSECURED,INR,F-SYN31-1,,true
T00373,2025-07-05,SYN26,TERM_LOAN,DRAW,74467000,0.06,2029-04-24,SUBORDINATED,INR,F-SYN26-1,,true
T00534,2025-07-10,DEALER,CDS,SELL_PROTECTION,28000000,0.0085,2030-04-09,CSA,USD,CDS-09,reference=PG,true
T00511,2025-07-15,SYN23,IRS,RECEIVE_FIXED,837000000,0.0424,2029-09-29,CSA,USD,IRS-12,,true
T00268,2025-07-19,SYN09,REVOLVER,COMMIT,204200000,0.0532,2028-10-09,SENIOR_UNSECURED,USD,F-SYN09-1,,true
T00452,2025-07-19,BA,BOND,BUY,122000000,0.0266,2041-05-03,SENIOR_UNSECURED,USD,B-BA-2041,,true
T00008,2025-07-20,MSFT,TERM_LOAN,DRAW,352200000,0.0676,2028-04-18,SENIOR_UNSECURED,USD,F-MSFT-1,,true
T00430,2025-07-20,NVDA,BOND,BUY,64000000,0.0628,2040-06-01,SENIOR_UNSECURED,USD,B-NVDA-2040,,true
T00251,2025-07-25,SYN06,TERM_LOAN,DRAW,25475000,0.0851,2032-08-02,SUBORDINATED,USD,F-SYN06-2,,true
T00213,2025-07-27,HNB,TERM_LOAN,COMMIT,190300000,0.0556,2033-01-05,SENIOR_UNSECURED,USD,F-HNB-1,,true
T00554,2025-08-02,HNB,EQUITY,BUY,116000000,0.0,2026-09-30,NONE,USD,EQ-HNB,,true
T00332,2025-08-06,SYN19,TERM_LOAN,COMMIT,98000000,0.0503,2028-05-05,SUBORDINATED,USD,F-SYN19-2,,true
T00466,2025-08-07,SIVB,BOND,BUY,52000000,0.0589,2030-12-29,SENIOR_UNSECURED,USD,B-SIVB-2030,,true
T00028,2025-08-10,GOOGL,TERM_LOAN,DRAW,59500000,0.0722,2028-01-07,SENIOR_UNSECURED,USD,F-GOOGL-2,,true
T00238,2025-08-10,SYN05,TERM_LOAN,DRAW,85800000,0.0694,2030-04-04,SECURED,USD,F-SYN05-1,,true
T00157,2025-08-12,LIN,REVOLVER,DRAW,39342000,0.0707,2032-06-26,SENIOR_UNSECURED,USD,F-LIN-1,,true
T00551,2025-08-14,CS,EQUITY,BUY,35000000,0.0,2026-09-30,NONE,USD,EQ-CS,,true
T00165,2025-08-17,LIN,TERM_LOAN,DRAW,96200000,0.0504,2031-02-05,SECURED,USD,F-LIN-3,,true
T00001,2025-08-22,AAPL,REVOLVER,COMMIT,460200000,0.0911,2029-04-18,SECURED,USD,F-AAPL-1,,true
T00503,2025-08-22,META,IRS,RECEIVE_FIXED,618000000,0.0383,2029-09-29,CSA,USD,IRS-04,,true
T00354,2025-08-25,SYN23,TERM_LOAN,DRAW,74367000,0.0879,2029-08-28,SECURED,INR,F-SYN23-1,,true
T00334,2025-08-26,SYN19,TERM_LOAN,DRAW,24500000,0.0503,2028-05-05,SUBORDINATED,USD,F-SYN19-2,,true
T00047,2025-08-30,AMZN,TERM_LOAN,REPAY,53312000,0.0464,2028-11-02,SECURED,USD,F-AMZN-1,,true
T00404,2025-09-01,SYN30,REVOLVER,COMMIT,118400000,0.0544,2029-12-03,SUBORDINATED,INR,F-SYN30-2,,true
T00038,2025-09-03,META,TERM_LOAN,DRAW,80600000,0.0582,2029-10-22,SENIOR_UNSECURED,USD,F-META-1,,true
T00275,2025-09-06,SYN10,TERM_LOAN,DRAW,121100000,0.0687,2032-09-04,SENIOR_UNSECURED,USD,F-SYN10-1,,true
T00113,2025-09-16,CVX,TERM_LOAN,DRAW,147325000,0.0753,2027-10-20,SECURED,USD,F-CVX-3,,true
T00281,2025-09-16,SYN11,TERM_LOAN,REPAY,11407000,0.0799,2028-04-13,SUBORDINATED,USD,F-SYN11-1,,true
T00401,2025-09-16,SYN30,TERM_LOAN,DRAW,90700000,0.0682,2031-11-18,SENIOR_UNSECURED,INR,F-SYN30-1,,true
T00215,2025-09-18,HNB,TERM_LOAN,REPAY,33195000,0.0556,2033-01-05,SENIOR_UNSECURED,USD,F-HNB-1,,true
T00414,2025-09-18,SYN31,TERM_LOAN,REPAY,26460000,0.0526,2033-03-30,SENIOR_UNSECURED,INR,F-SYN31-1,,true
T00269,2025-09-20,SYN09,REVOLVER,DRAW,40152000,0.0532,2028-10-09,SENIOR_UNSECURED,USD,F-SYN09-1,,true
T00197,2025-09-21,FRC,TERM_LOAN,DRAW,41433000,0.0539,2033-05-21,SECURED,USD,F-FRC-2,,true
T00229,2025-09-21,SYN03,TERM_LOAN,COMMIT,249400000,0.0646,2027-11-27,SENIOR_UNSECURED,USD,F-SYN03-1,,true
T00495,2025-09-23,UST,BOND,BUY,423000000,0.0372,2036-09-27,SOVEREIGN,USD,UST-10Y,,true
T00459,2025-09-24,NEE,BOND,BUY,41000000,0.0251,2036-09-28,SENIOR_UNSECURED,USD,B-NEE-2036,,true
T00532,2025-09-25,DEALER,CDS,BUY_PROTECTION,116000000,0.0199,2030-08-05,CSA,USD,CDS-07,reference=LIN,true
T00304,2025-09-26,SYN14,TERM_LOAN,DRAW,44625000,0.08,2029-01-09,SENIOR_UNSECURED,USD,F-SYN14-1,,true
T00386,2025-09-28,SYN28,REVOLVER,DRAW,64909000,0.0476,2028-11-19,SUBORDINATED,INR,F-SYN28-1,,true
T00357,2025-10-02,SYN24,TERM_LOAN,DRAW,90000000,0.0595,2030-11-27,SECURED,INR,F-SYN24-1,,true
T00106,2025-10-03,CVX,REVOLVER,COMMIT,289700000,0.0844,2031-04-20,SECURED,USD,F-CVX-2,,true
T00505,2025-10-03,KO,IRS,PAY_FIXED,418000000,0.0358,2028-09-29,CSA,USD,IRS-06,,true
T00497,2025-10-09,UST,BOND,BUY,816000000,0.0353,2056-09-22,SOVEREIGN,USD,UST-30Y,,true
T00095,2025-10-11,XOM,TERM_LOAN,DRAW,177950000,0.0787,2033-02-14,SENIOR_UNSECURED,USD,F-XOM-1,,true
T00043,2025-10-14,AMZN,TERM_LOAN,COMMIT,502500000,0.0464,2028-11-02,SECURED,USD,F-AMZN-1,,true
T00451,2025-10-16,BA,BOND,BUY,185000000,0.033,2038-08-08,SENIOR_UNSECURED,USD,B-BA-2038,,true
T00009,2025-10-18,MSFT,TERM_LOAN,REPAY,20756000,0.0676,2028-04-18,SENIOR_UNSECURED,USD,F-MSFT-1,,true
T00327,2025-10-19,SYN17,REVOLVER,REPAY,14048000,0.085,2032-11-12,SECURED,USD,F-SYN17-2,,true
T00191,2025-10-22,FRC,TERM_LOAN,COMMIT,192100000,0.0726,2028-08-27,SENIOR_UNSECURED,USD,F-FRC-1,,true
T00526,2025-10-23,DEALER,CDS,BUY_PROTECTION,135000000,0.0124,2028-10-28,CSA,USD,CDS-01,reference=AMT,true
T00290,2025-10-27,SYN13,TERM_LOAN,COMMIT,150100000,0.0754,2027-11-13,SECURED,USD,F-SYN13-1,,true
T00402,2025-10-29,SYN30,TERM_LOAN,DRAW,90700000,0.0682,2031-11-18,SENIOR_UNSECURED,INR,F-SYN30-1,,true
T00014,2025-11-03,MSFT,TERM_LOAN,REPAY,44252000,0.0629,2032-04-15,SECURED,USD,F-MSFT-2,,true
T00553,2025-11-03,SBNY,EQUITY,BUY,37000000,0.0,2026-09-30,NONE,USD,EQ-SBNY,,true
T00388,2025-11-04,SYN28,TERM_LOAN,DRAW,19350000,0.0656,2033-07-14,SUBORDINATED,INR,F-SYN28-2,,true
T00473,2025-11-04,HNB,BOND,BUY,191000000,0.0416,2033-07-27,SENIOR_UNSECURED,USD,B-HNB-2033,,true
T00221,2025-11-10,SYN01,REVOLVER,DRAW,46546000,0.0711,2027-10-20,SUBORDINATED,USD,F-SYN01-1,,true
T00243,2025-11-17,SYN05,TERM_LOAN,DRAW,41000000,0.0458,2030-08-22,SUBORDINATED,USD,F-SYN05-2,,true
T00408,2025-11-20,SYN30,REVOLVER,REPAY,8938000,0.0544,2029-12-03,SUBORDINATED,INR,F-SYN30-2,,true
T00099,2025-11-22,XOM,TERM_LOAN,DRAW,155367000,0.0492,2031-07-30,SENIOR_UNSECURED,USD,F-XOM-2,,true
T00219,2025-11-22,SYN01,REVOLVER,DRAW,46546000,0.0711,2027-10-20,SUBORDINATED,USD,F-SYN01-1,,true
T00381,2025-11-24,SYN27,TERM_LOAN,DRAW,67400000,0.0486,2032-07-04,SENIOR_UNSECURED,INR,F-SYN27-2,,true
T00187,2025-11-25,SIVB,TERM_LOAN,DRAW,23275000,0.0585,2032-06-28,SENIOR_UNSECURED,USD,F-SIVB-3,,true
T00480,2025-11-26,SYN10,BOND,BUY,174000000,0.0512,2030-04-30,SENIOR_UNSECURED,USD,B-SYN10-2030,,true
T00015,2025-11-27,NVDA,TERM_LOAN,COMMIT,377100000,0.053,2030-04-01,SENIOR_UNSECURED,USD,F-NVDA-1,,true
T00405,2025-11-27,SYN30,REVOLVER,DRAW,25031000,0.0544,2029-12-03,SUBORDINATED,INR,F-SYN30-2,,true
T00012,2025-11-28,MSFT,TERM_LOAN,DRAW,193467000,0.0629,2032-04-15,SECURED,USD,F-MSFT-2,,true
T00109,2025-11-30,CVX,REVOLVER,DRAW,50908000,0.0844,2031-04-20,SECURED,USD,F-CVX-2,,true
T00479,2025-11-30,SYN31,BOND,BUY,169000000,0.0742,2028-06-11,SENIOR_UNSECURED,INR,B-SYN31-2028,,true
T00226,2025-12-05,SYN01,REVOLVER,REPAY,31846000,0.0785,2033-04-29,SENIOR_UNSECURED,USD,F-SYN01-2,,true
T00192,2025-12-06,FRC,TERM_LOAN,DRAW,96050000,0.0726,2028-08-27,SENIOR_UNSECURED,USD,F-FRC-1,,true
T00453,2025-12-06,BA,BOND,SELL,36600000,0.0266,2041-05-03,SENIOR_UNSECURED,USD,B-BA-2041,,true
T00244,2025-12-08,SYN05,TERM_LOAN,REPAY,18495000,0.0458,2030-08-22,SUBORDINATED,USD,F-SYN05-2,,true
T00445,2025-12-09,LLY,BOND,SELL,26700000,0.0476,2040-07-11,SENIOR_UNSECURED,USD,B-LLY-2040,,true
T00031,2025-12-10,GOOGL,TERM_LOAN,DRAW,59500000,0.0722,2028-01-07,SENIOR_UNSECURED,USD,F-GOOGL-2,,true
T00358,2025-12-10,SYN24,TERM_LOAN,REPAY,20123000,0.0595,2030-11-27,SECURED,INR,F-SYN24-1,,true
T00195,2025-12-12,FRC,TERM_LOAN,DRAW,41433000,0.0539,2033-05-21,SECURED,USD,F-FRC-2,,true
T00137,2025-12-13,KO,REVOLVER,DRAW,108776000,0.0852,2030-03-15,SENIOR_UNSECURED,USD,F-KO-1,,true
T00079,2025-12-18,LLY,REVOLVER,DRAW,66501000,0.0658,2028-07-02,SECURED,USD,F-LLY-1,,true
T00509,2025-12-18,SYN28,IRS,RECEIVE_FIXED,317000000,0.0377,2036-09-27,CSA,USD,IRS-10,,true
T00335,2025-12-19,SYN19,TERM_LOAN,DRAW,24500000,0.0503,2028-05-05,SUBORDINATED,USD,F-SYN19-2,,true
T00413,2025-12-21,SYN31,TERM_LOAN,DRAW,30850000,0.0526,2033-03-30,SENIOR_UNSECURED,INR,F-SYN31-1,,true
T00329,2025-12-22,SYN18,REVOLVER,DRAW,82342000,0.0492,2027-12-07,SECURED,USD,F-SYN18-1,,true
T00360,2025-12-23,SYN24,REVOLVER,DRAW,33421000,0.0549,2027-10-04,SENIOR_UNSECURED,INR,F-SYN24-2,,true
T00070,2025-12-24,JPM,REVOLVER,COMMIT,462900000,0.0835,2032-02-08,SENIOR_UNSECURED,USD,F-JPM-2,,true
T00426,2025-12-25,AAPL,BOND,BUY,104000000,0.0508,2037-11-15,SENIOR_UNSECURED,USD,B-AAPL-2037,,true
T00293,2025-12-26,SYN13,TERM_LOAN,DRAW,37525000,0.0754,2027-11-13,SECURED,USD,F-SYN13-1,,true
T00173,2025-12-28,AMT,TERM_LOAN,REPAY,94967000,0.0753,2029-10-29,SENIOR_UNSECURED,USD,F-AMT-1,,true
T00083,2025-12-29,LLY,TERM_LOAN,REPAY,61138000,0.0843,2033-01-28,SENIOR_UNSECURED,USD,F-LLY-2,,true
T00482,2025-12-29,SYN28,BOND,BUY,220000000,0.0274,2028-11-03,SENIOR_UNSECURED,INR,B-SYN28-2028,,true
T00441,2025-12-30,BAC,BOND,BUY,163000000,0.0298,2033-11-23,SENIOR_UNSECURED,USD,B-BAC-2033,,true
T00343,2025-12-31,SYN20,TERM_LOAN,REPAY,27503000,0.0515,2032-04-06,SUBORDINATED,USD,F-SYN20-1,,true
T00124,2026-01-03,BA,TERM_LOAN,DRAW,49450000,0.0887,2030-08-26,SENIOR_UNSECURED,USD,F-BA-1,,true
T00134,2026-01-06,PG,REVOLVER,REPAY,13771000,0.0613,2029-02-06,SECURED,USD,F-PG-2,,true
T00463,2026-01-13,AMT,BOND,SELL,50100000,0.0267,2033-11-22,SENIOR_UNSECURED,USD,B-AMT-2033,,true
T00051,2026-01-20,AMZN,TERM_LOAN,REPAY,40350000,0.0584,2029-07-06,SECURED,USD,F-AMZN-2,,true
T00346,2026-01-20,SYN21,TERM_LOAN,DRAW,75000000,0.0578,2031-08-02,SUBORDINATED,INR,F-SYN21-1,,true
T00489,2026-01-20,SYN13,BOND,BUY,113000000,0.0792,2029-07-14,SENIOR_UNSECURED,USD,B-SYN13-2029,,true
T00558,2026-01-21,UNH,EQUITY,BUY,50000000,0.0,2026-09-30,NONE,USD,EQ-UNH,,true
T00220,2026-01-23,SYN01,REVOLVER,DRAW,46546000,0.0711,2027-10-20,SUBORDINATED,USD,F-SYN01-1,,true
T00185,2026-01-24,SIVB,TERM_LOAN,REPAY,33551000,0.0913,2031-07-11,SUBORDINATED,USD,F-SIVB-2,,true
T00324,2026-01-24,SYN17,REVOLVER,DRAW,27285000,0.085,2032-11-12,SECURED,USD,F-SYN17-2,,true
T00493,2026-01-25,UST,BOND,BUY,626000000,0.045,2031-09-29,SOVEREIGN,USD,UST-5Y,,true
T00052,2026-01-26,TSLA,TERM_LOAN,COMMIT,491600000,0.0773,2032-07-22,SECURED,USD,F-TSLA-1,,true
T00470,2026-01-26,SBNY,BOND,BUY,147000000,0.0594,2039-03-17,SENIOR_UNSECURED,USD,B-SBNY-2039,,true
T00104,2026-01-29,CVX,TERM_LOAN,DRAW,144000000,0.064,2033-06-22,SENIOR_UNSECURED,USD,F-CVX-1,,true
T00378,2026-01-29,SYN27,TERM_LOAN,REPAY,16951000,0.0718,2031-10-19,SENIOR_UNSECURED,INR,F-SYN27-1,,true
T00410,2026-02-01,SYN31,TERM_LOAN,DRAW,30850000,0.0526,2033-03-30,SENIOR_UNSECURED,INR,F-SYN31-1,,true
T00348,2026-02-03,SYN22,TERM_LOAN,COMMIT,190300000,0.0851,2029-04-17,SECURED,INR,F-SYN22-1,,true
T00514,2026-02-03,SYN07,IRS,RECEIVE_FIXED,993000000,0.0441,2056-09-22,CSA,USD,IRS-15,,true
T00049,2026-02-05,AMZN,TERM_LOAN,DRAW,239450000,0.0584,2029-07-06,SECURED,USD,F-AMZN-2,,true
T00305,2026-02-05,SYN14,TERM_LOAN,DRAW,44625000,0.08,2029-01-09,SENIOR_UNSECURED,USD,F-SYN14-1,,true
T00328,2026-02-05,SYN18,REVOLVER,COMMIT,171400000,0.0492,2027-12-07,SECURED,USD,F-SYN18-1,,true
T00100,2026-02-06,XOM,TERM_LOAN,DRAW,155367000,0.0492,2031-07-30,SENIOR_UNSECURED,USD,F-XOM-2,,true
T00498,2026-02-06,GSEC,BOND,BUY,367000000,0.0702,2031-09-29,SOVEREIGN,INR,GSEC-5Y,,true
T00447,2026-02-12,UNH,BOND,SELL,55500000,0.0302,2038-08-03,SENIOR_UNSECURED,USD,B-UNH-2038,,true
T00105,2026-02-13,CVX,TERM_LOAN,REPAY,33616000,0.064,2033-06-22,SENIOR_UNSECURED,USD,F-CVX-1,,true
T00500,2026-02-14,SYN32,IRS,RECEIVE_FIXED,1081000000,0.0373,2028-09-29,CSA,USD,IRS-01,,true
T00059,2026-02-15,TSLA,TERM_LOAN,DRAW,66850000,0.0883,2027-10-30,SENIOR_UNSECURED,USD,F-TSLA-2,,true
T00294,2026-02-15,SYN13,TERM_LOAN,DRAW,37525000,0.0754,2027-11-13,SECURED,USD,F-SYN13-1,,true
T00145,2026-02-18,KO,TERM_LOAN,DRAW,90200000,0.0651,2030-06-29,SECURED,USD,F-KO-3,,true
T00391,2026-02-19,SYN28,TERM_LOAN,DRAW,19350000,0.0656,2033-07-14,SUBORDINATED,INR,F-SYN28-2,,true
T00556,2026-02-19,CVX,EQUITY,BUY,67000000,0.0,2026-09-30,NONE,USD,EQ-CVX,,true
T00418,2026-02-20,SYN33,TERM_LOAN,COMMIT,266900000,0.087,2027-11-29,SENIOR_UNSECURED,INR,F-SYN33-1,,true
T00041,2026-02-22,META,REVOLVER,DRAW,36000000,0.0858,2032-07-09,SECURED,USD,F-META-2,,true
T00271,2026-02-23,SYN09,REVOLVER,DRAW,40152000,0.0532,2028-10-09,SENIOR_UNSECURED,USD,F-SYN09-1,,true
T00396,2026-02-23,SYN29,TERM_LOAN,DRAW,53967000,0.0934,2029-11-25,SENIOR_UNSECURED,INR,F-SYN29-2,,true
T00474,2026-02-26,SYN04,BOND,BUY,139000000,0.0528,2036-02-04,SENIOR_UNSECURED,USD,B-SYN04-2036,,true
T00531,2026-02-27,DEALER,CDS,BUY_PROTECTION,98000000,0.0135,2030-01-25,CSA,USD,CDS-06,reference=AMZN,true
T00552,2026-02-27,AMT,EQUITY,BUY,26000000,0.0,2026-09-30,NONE,USD,EQ-AMT,,true
T00206,2026-02-28,SBNY,TERM_LOAN,DRAW,104450000,0.0464,2029-09-19,SECURED,USD,F-SBNY-3,,true
T00368,2026-03-02,SYN25,TERM_LOAN,REPAY,18289000,0.0885,2033-08-05,SENIOR_UNSECURED,INR,F-SYN25-1,,true
T00129,2026-03-05,PG,TERM_LOAN,DRAW,133333000,0.0792,2032-09-17,SENIOR_UNSECURED,USD,F-PG-1,,true
T00264,2026-03-05,SYN08,TERM_LOAN,DRAW,41950000,0.0564,2030-12-29,SENIOR_UNSECURED,USD,F-SYN08-2,,true
T00530,2026-03-05,DEALER,CDS,BUY_PROTECTION,108000000,0.0185,2030-06-18,CSA,USD,CDS-05,reference=KO,true
T00336,2026-03-07,SYN19,TERM_LOAN,DRAW,24500000,0.0503,2028-05-05,SUBORDINATED,USD,F-SYN19-2,,true
T00399,2026-03-10,SYN29,TERM_LOAN,REPAY,16388000,0.0934,2029-11-25,SENIOR_UNSECURED,INR,F-SYN29-2,,true
T00502,2026-03-11,SYN24,IRS,PAY_FIXED,1107000000,0.0341,2056-09-22,CSA,USD,IRS-03,,true
T00162,2026-03-12,LIN,TERM_LOAN,DRAW,149250000,0.0553,2033-05-26,SENIOR_UNSECURED,USD,F-LIN-2,,true
T00535,2026-03-13,DEALER,CDS,BUY_PROTECTION,132000000,0.0062,2029-01-02,CSA,USD,CDS-10,reference=META,true
T00127,2026-03-15,PG,TERM_LOAN,DRAW,133333000,0.0792,2032-09-17,SENIOR_UNSECURED,USD,F-PG-1,,true
T00461,2026-03-17,LIN,BOND,BUY,205000000,0.0487,2030-08-26,SENIOR_UNSECURED,USD,B-LIN-2030,,true
T00295,2026-03-18,SYN13,TERM_LOAN,REPAY,20829000,0.0754,2027-11-13,SECURED,USD,F-SYN13-1,,true
T00424,2026-03-19,SYN35,TERM_LOAN,COMMIT,257400000,0.0719,2032-07-11,SECURED,INR,F-SYN35-1,,true
T00434,2026-03-22,GOOGL,BOND,SELL,50100000,0.0479,2038-03-17,SENIOR_UNSECURED,USD,B-GOOGL-2038,,true
T00115,2026-03-23,CVX,TERM_LOAN,REPAY,93003000,0.0753,2027-10-20,SECURED,USD,F-CVX-3,,true
T00214,2026-03-23,HNB,TERM_LOAN,DRAW,190300000,0.0556,2033-01-05,SENIOR_UNSECURED,USD,F-HNB-1,,true
T00223,2026-03-23,SYN01,REVOLVER,DRAW,49559000,0.0785,2033-04-29,SENIOR_UNSECURED,USD,F-SYN01-2,,true
T00300,2026-03-24,SYN13,TERM_LOAN,REPAY,51011000,0.0672,2030-05-17,SECURED,USD,F-SYN13-2,,true
T00507,2026-03-24,TSLA,IRS,PAY_FIXED,554000000,0.0324,2031-09-29,CSA,USD,IRS-08,,true
T00458,2026-03-28,KO,BOND,SELL,39600000,0.0261,2028-04-24,SENIOR_UNSECURED,USD,B-KO-2028,,true
T00350,2026-03-29,SYN22,TERM_LOAN,DRAW,95150000,0.0851,2029-04-17,SECURED,INR,F-SYN22-1,,true
T00311,2026-03-30,SYN15,TERM_LOAN,REPAY,11055000,0.0719,2033-03-19,SECURED,USD,F-SYN15-1,,true
T00524,2026-03-30,UNH,FX_FWD,SELL_USD,240000000,0.0,2027-05-02,CSA,EURUSD,FX-09,pair=EURUSD,true
T00559,2026-03-30,CAT,EQUITY,BUY,63000000,0.0,2026-09-30,NONE,USD,EQ-CAT,,true
T00019,2026-04-03,NVDA,TERM_LOAN,COMMIT,513100000,0.0503,2027-10-30,SENIOR_UNSECURED,USD,F-NVDA-2,,true
T00121,2026-04-04,BA,TERM_LOAN,COMMIT,197800000,0.0887,2030-08-26,SENIOR_UNSECURED,USD,F-BA-1,,true
T00232,2026-04-08,SYN03,TERM_LOAN,DRAW,83133000,0.0646,2027-11-27,SENIOR_UNSECURED,USD,F-SYN03-1,,true
T00026,2026-04-11,GOOGL,TERM_LOAN,DRAW,170733000,0.0553,2031-04-16,SENIOR_UNSECURED,USD,F-GOOGL-1,,true
T00128,2026-04-12,PG,TERM_LOAN,DRAW,133333000,0.0792,2032-09-17,SENIOR_UNSECURED,USD,F-PG-1,,true
T00438,2026-04-13,TSLA,BOND,SELL,37200000,0.0499,2040-10-18,SENIOR_UNSECURED,USD,B-TSLA-2040,,true
T00331,2026-04-18,SYN19,TERM_LOAN,DRAW,172000000,0.0611,2030-03-29,SENIOR_UNSECURED,USD,F-SYN19-1,,true
T00177,2026-04-21,AMT,REVOLVER,DRAW,84395000,0.0587,2028-12-08,SENIOR_UNSECURED,USD,F-AMT-2,,true
T00003,2026-04-22,AAPL,REVOLVER,DRAW,98421000,0.0911,2029-04-18,SECURED,USD,F-AAPL-1,,true
T00054,2026-04-23,TSLA,TERM_LOAN,DRAW,163867000,0.0773,2032-07-22,SECURED,USD,F-TSLA-1,,true
T00117,2026-04-23,CAT,TERM_LOAN,DRAW,183067000,0.0802,2031-10-01,SECURED,USD,F-CAT-1,,true
T00403,2026-04-24,SYN30,TERM_LOAN,REPAY,33854000,0.0682,2031-11-18,SENIOR_UNSECURED,INR,F-SYN30-1,,true
T00340,2026-04-25,SYN20,TERM_LOAN,DRAW,57150000,0.0515,2032-04-06,SUBORDINATED,USD,F-SYN20-1,,true
T00193,2026-04-28,FRC,TERM_LOAN,DRAW,96050000,0.0726,2028-08-27,SENIOR_UNSECURED,USD,F-FRC-1,,true
T00519,2026-04-28,AMT,FX_FWD,SELL_USD,306000000,0.0,2027-04-20,CSA,EURUSD,FX-04,pair=EURUSD,true
T00427,2026-04-29,AAPL,BOND,SELL,31200000,0.0508,2037-11-15,SENIOR_UNSECURED,USD,B-AAPL-2037,,true
T00148,2026-05-01,NEE,TERM_LOAN,DRAW,177100000,0.0708,2032-04-29,SECURED,USD,F-NEE-1,,true
T00499,2026-05-01,GSEC,BOND,BUY,163000000,0.0699,2036-09-27,SOVEREIGN,INR,GSEC-10Y,,true
T00508,2026-05-03,AMZN,IRS,RECEIVE_FIXED,472000000,0.0435,2031-09-29,CSA,USD,IRS-09,,true
T00088,2026-05-04,UNH,TERM_LOAN,DRAW,192100000,0.0779,2029-08-25,SECURED,USD,F-UNH-1,,true
T00068,2026-05-05,JPM,TERM_LOAN,DRAW,136325000,0.0701,2029-12-27,SECURED,USD,F-JPM-1,,true
T00510,2026-05-05,SYN12,IRS,RECEIVE_FIXED,218000000,0.0379,2029-09-29,CSA,USD,IRS-11,,true
T00058,2026-05-06,TSLA,TERM_LOAN,DRAW,66850000,0.0883,2027-10-30,SENIOR_UNSECURED,USD,F-TSLA-2,,true
T00375,2026-05-06,SYN26,TERM_LOAN,REPAY,19058000,0.06,2029-04-24,SUBORDINATED,INR,F-SYN26-1,,true
T00533,2026-05-08,DEALER,CDS,BUY_PROTECTION,28000000,0.014,2030-07-16,CSA,USD,CDS-08,reference=NVDA,true
T00155,2026-05-11,NEE,TERM_LOAN,REPAY,47894000,0.0617,2029-04-04,SECURED,USD,F-NEE-2,,true
T00247,2026-05-12,SYN06,TERM_LOAN,REPAY,30953000,0.071,2031-05-10,SECURED,USD,F-SYN06-1,,true
T00064,2026-05-13,TSLA,TERM_LOAN,REPAY,69111000,0.0678,2029-08-19,SENIOR_UNSECURED,USD,F-TSLA-3,,true
T00175,2026-05-13,AMT,REVOLVER,DRAW,84395000,0.0587,2028-12-08,SENIOR_UNSECURED,USD,F-AMT-2,,true
T00252,2026-05-19,SYN06,TERM_LOAN,DRAW,25475000,0.0851,2032-08-02,SUBORDINATED,USD,F-SYN06-2,,true
T00417,2026-05-20,SYN32,REVOLVER,REPAY,12476000,0.0921,2028-07-12,SECURED,INR,F-SYN32-1,,true
T00093,2026-05-21,UNH,TERM_LOAN,REPAY,47342000,0.0903,2033-04-21,SENIOR_UNSECURED,USD,F-UNH-2,,true
T00006,2026-05-24,AAPL,REVOLVER,REPAY,78544000,0.0911,2029-04-18,SECURED,USD,F-AAPL-1,,true
T00538,2026-05-24,DEALER,EQ_OPTION,LONG,135000000,1.021,2027-02-02,CSA,USD,OPT-03,underlying=EQ:MKT;type=PUT,true
T00027,2026-05-25,GOOGL,TERM_LOAN,COMMIT,238000000,0.0722,2028-01-07,SENIOR_UNSECURED,USD,F-GOOGL-2,,true
T00490,2026-05-26,SYN13,BOND,SELL,33900000,0.0792,2029-07-14,SENIOR_UNSECURED,USD,B-SYN13-2029,,true
T00258,2026-05-27,SYN07,TERM_LOAN,DRAW,69750000,0.0708,2032-10-14,SUBORDINATED,USD,F-SYN07-2,,true
T00415,2026-05-27,SYN32,REVOLVER,COMMIT,131500000,0.0921,2028-07-12,SECURED,INR,F-SYN32-1,,true
T00231,2026-05-29,SYN03,TERM_LOAN,DRAW,83133000,0.0646,2027-11-27,SENIOR_UNSECURED,USD,F-SYN03-1,,true
T00522,2026-05-30,SYN05,FX_FWD,BUY_USD,250000000,0.0,2026-12-26,CSA,USDINR,FX-07,pair=USDINR,true
T00547,2026-05-31,SIVB,EQUITY,BUY,57000000,0.0,2026-09-30,NONE,USD,EQ-SIVB,,true
T00164,2026-06-01,LIN,TERM_LOAN,DRAW,96200000,0.0504,2031-02-05,SECURED,USD,F-LIN-3,,true
T00369,2026-06-02,SYN25,REVOLVER,COMMIT,227900000,0.0657,2027-10-21,SUBORDINATED,INR,F-SYN25-2,,true
T00540,2026-06-03,DEALER,EQ_OPTION,LONG,241000000,1.029,2027-07-13,CSA,USD,OPT-05,underlying=EQ:MKT;type=CALL,true
T00449,2026-06-05,CVX,BOND,BUY,216000000,0.0604,2029-03-08,SENIOR_UNSECURED,USD,B-CVX-2029,,true
T00253,2026-06-06,SYN06,TERM_LOAN,REPAY,15789000,0.0851,2032-08-02,SUBORDINATED,USD,F-SYN06-2,,true
T00259,2026-06-06,SYN07,TERM_LOAN,REPAY,25162000,0.0708,2032-10-14,SUBORDINATED,USD,F-SYN07-2,,true
T00347,2026-06-06,SYN21,TERM_LOAN,REPAY,7829000,0.0578,2031-08-02,SUBORDINATED,INR,F-SYN21-1,,true
T00465,2026-06-06,SIVB,BOND,SELL,39000000,0.0386,2028-07-08,SENIOR_UNSECURED,USD,B-SIVB-2028,,true
T00517,2026-06-09,LIN,FX_FWD,BUY_USD,140000000,0.0,2027-07-20,CSA,EURUSD,FX-02,pair=EURUSD,true
T00541,2026-06-10,DEALER,EQ_OPTION,SHORT,246000000,0.959,2026-12-19,CSA,USD,OPT-06,underlying=EQ:IT;type=CALL,true
T00529,2026-06-11,DEALER,CDS,SELL_PROTECTION,116000000,0.0136,2030-03-30,CSA,USD,CDS-04,reference=XOM,true
T00457,2026-06-13,KO,BOND,BUY,132000000,0.0261,2028-04-24,SENIOR_UNSECURED,USD,B-KO-2028,,true
T00120,2026-06-14,CAT,TERM_LOAN,REPAY,93309000,0.0802,2031-10-01,SECURED,USD,F-CAT-1,,true
T00516,2026-06-14,SYN34,FX_FWD,BUY_USD,150000000,0.0,2027-04-04,CSA,USDINR,FX-01,pair=USDINR,true
T00074,2026-06-16,BAC,TERM_LOAN,COMMIT,175300000,0.0511,2028-09-19,SENIOR_UNSECURED,USD,F-BAC-1,,true
T00337,2026-06-16,SYN19,TERM_LOAN,REPAY,13590000,0.0503,2028-05-05,SUBORDINATED,USD,F-SYN19-2,,true
T00171,2026-06-17,AMT,TERM_LOAN,DRAW,112100000,0.0753,2029-10-29,SENIOR_UNSECURED,USD,F-AMT-1,,true
T00380,2026-06-17,SYN27,TERM_LOAN,DRAW,67400000,0.0486,2032-07-04,SENIOR_UNSECURED,INR,F-SYN27-2,,true
T00141,2026-06-19,KO,REVOLVER,REPAY,57787000,0.0883,2029-05-05,SENIOR_UNSECURED,USD,F-KO-2,,true
T00256,2026-06-22,SYN07,TERM_LOAN,COMMIT,139500000,0.0708,2032-10-14,SUBORDINATED,USD,F-SYN07-2,,true
T00240,2026-06-23,SYN05,TERM_LOAN,DRAW,41000000,0.0458,2030-08-22,SUBORDINATED,USD,F-SYN05-2,,true
T00518,2026-06-24,SYN29,FX_FWD,BUY_USD,272000000,0.0,2027-01-26,CSA,USDINR,FX-03,pair=USDINR,true
T00488,2026-06-25,SYN16,BOND,BUY,111000000,0.0816,2039-02-03,SENIOR_UNSECURED,USD,B-SYN16-2039,,true
T00523,2026-06-25,SYN20,FX_FWD,BUY_USD,130000000,0.0,2027-05-09,CSA,USDINR,FX-08,pair=USDINR,true
T00289,2026-06-27,SYN12,TERM_LOAN,REPAY,5232000,0.0571,2031-04-13,SUBORDINATED,USD,F-SYN12-2,,true
T00306,2026-06-27,SYN14,TERM_LOAN,REPAY,30400000,0.08,2029-01-09,SENIOR_UNSECURED,USD,F-SYN14-1,,true
T00266,2026-06-28,SYN08,TERM_LOAN,DRAW,41950000,0.0564,2030-12-29,SENIOR_UNSECURED,USD,F-SYN08-2,,true
T00394,2026-06-29,SYN29,TERM_LOAN,DRAW,61050000,0.0525,2030-11-20,SUBORDINATED,INR,F-SYN29-1,,true
T00061,2026-06-30,TSLA,TERM_LOAN,REPAY,18390000,0.0883,2027-10-30,SENIOR_UNSECURED,USD,F-TSLA-2,,true
T00469,2026-07-01,FRC,BOND,SELL,17400000,0.0524,2041-08-07,SENIOR_UNSECURED,USD,B-FRC-2041,,true
T00484,2026-07-01,SYN28,BOND,SELL,36300000,0.0518,2035-04-10,SENIOR_UNSECURED,INR,B-SYN28-2035,,true
T00475,2026-07-02,SYN04,BOND,SELL,41700000,0.0528,2036-02-04,SENIOR_UNSECURED,USD,B-SYN04-2036,,true
T00323,2026-07-03,SYN17,REVOLVER,DRAW,27285000,0.085,2032-11-12,SECURED,USD,F-SYN17-2,,true
T00481,2026-07-11,SYN10,BOND,BUY,165000000,0.0828,2035-04-13,SENIOR_UNSECURED,USD,B-SYN10-2035,,true
T00204,2026-07-14,SBNY,TERM_LOAN,REPAY,19514000,0.0612,2028-09-03,SUBORDINATED,USD,F-SBNY-2,,true
T00537,2026-07-14,DEALER,EQ_OPTION,SHORT,212000000,0.941,2027-02-01,CSA,USD,OPT-02,underlying=EQ:MKT;type=CALL,true
T00142,2026-07-18,KO,TERM_LOAN,COMMIT,270600000,0.0651,2030-06-29,SECURED,USD,F-KO-3,,true
T00338,2026-07-20,SYN20,TERM_LOAN,COMMIT,228600000,0.0515,2032-04-06,SUBORDINATED,USD,F-SYN20-1,,true
T00456,2026-07-20,PG,BOND,SELL,17700000,0.0281,2033-08-21,SENIOR_UNSECURED,USD,B-PG-2033,,true
T00030,2026-07-21,GOOGL,TERM_LOAN,DRAW,59500000,0.0722,2028-01-07,SENIOR_UNSECURED,USD,F-GOOGL-2,,true
T00072,2026-07-21,JPM,REVOLVER,DRAW,125097000,0.0835,2032-02-08,SENIOR_UNSECURED,USD,F-JPM-2,,true
T00182,2026-07-23,SIVB,TERM_LOAN,REPAY,42270000,0.0758,2033-08-17,SECURED,USD,F-SIVB-1,,true
T00272,2026-07-24,SYN09,REVOLVER,REPAY,24039000,0.0532,2028-10-09,SENIOR_UNSECURED,USD,F-SYN09-1,,true
T00101,2026-07-25,XOM,TERM_LOAN,DRAW,155367000,0.0492,2031-07-30,SENIOR_UNSECURED,USD,F-XOM-2,,true
T00230,2026-07-25,SYN03,TERM_LOAN,DRAW,83133000,0.0646,2027-11-27,SENIOR_UNSECURED,USD,F-SYN03-1,,true
T00082,2026-07-29,LLY,TERM_LOAN,DRAW,457700000,0.0843,2033-01-28,SENIOR_UNSECURED,USD,F-LLY-2,,true
T00057,2026-07-31,TSLA,TERM_LOAN,DRAW,66850000,0.0883,2027-10-30,SENIOR_UNSECURED,USD,F-TSLA-2,,true
T00467,2026-07-31,SIVB,BOND,SELL,15600000,0.0589,2030-12-29,SENIOR_UNSECURED,USD,B-SIVB-2030,,true
T00267,2026-08-01,SYN08,TERM_LOAN,DRAW,41950000,0.0564,2030-12-29,SENIOR_UNSECURED,USD,F-SYN08-2,,true
T00548,2026-08-03,MSFT,EQUITY,BUY,109000000,0.0,2026-09-30,NONE,USD,EQ-MSFT,,true
T00198,2026-08-04,FRC,TERM_LOAN,REPAY,24894000,0.0539,2033-05-21,SECURED,USD,F-FRC-2,,true
T00320,2026-08-04,SYN17,TERM_LOAN,DRAW,117900000,0.0625,2032-09-24,SECURED,USD,F-SYN17-1,,true
T00443,2026-08-04,LLY,BOND,BUY,161000000,0.0356,2041-01-18,SENIOR_UNSECURED,USD,B-LLY-2041,,true
T00154,2026-08-07,NEE,TERM_LOAN,DRAW,67550000,0.0617,2029-04-04,SECURED,USD,F-NEE-2,,true
T00086,2026-08-08,UNH,TERM_LOAN,COMMIT,384200000,0.0779,2029-08-25,SECURED,USD,F-UNH-1,,true
T00159,2026-08-08,LIN,REVOLVER,DRAW,39342000,0.0707,2032-06-26,SENIOR_UNSECURED,USD,F-LIN-1,,true
T00395,2026-08-11,SYN29,TERM_LOAN,COMMIT,161900000,0.0934,2029-11-25,SENIOR_UNSECURED,INR,F-SYN29-2,,true
T00536,2026-08-13,DEALER,EQ_OPTION,SHORT,154000000,0.947,2027-09-26,CSA,USD,OPT-01,underlying=EQ:FIN;type=PUT,true
T00448,2026-08-16,XOM,BOND,BUY,141000000,0.0412,2036-08-01,SENIOR_UNSECURED,USD,B-XOM-2036,,true
T00080,2026-08-17,LLY,REVOLVER,REPAY,24248000,0.0658,2028-07-02,SECURED,USD,F-LLY-1,,true
T00285,2026-08-17,SYN12,TERM_LOAN,REPAY,10773000,0.0747,2033-05-26,SENIOR_UNSECURED,USD,F-SYN12-1,,true
T00539,2026-08-17,DEALER,EQ_OPTION,LONG,145000000,0.966,2027-05-20,CSA,USD,OPT-04,underlying=EQ:MKT;type=PUT,true
T00521,2026-08-18,SYN18,FX_FWD,SELL_USD,169000000,0.0,2027-03-05,CSA,USDINR,FX-06,pair=USDINR,true
T00249,2026-08-20,SYN06,TERM_LOAN,DRAW,25475000,0.0851,2032-08-02,SUBORDINATED,USD,F-SYN06-2,,true
T00010,2026-08-21,MSFT,TERM_LOAN,COMMIT,580400000,0.0629,2032-04-15,SECURED,USD,F-MSFT-2,,true
T00291,2026-08-21,SYN13,TERM_LOAN,DRAW,37525000,0.0754,2027-11-13,SECURED,USD,F-SYN13-1,,true
T00520,2026-08-21,NEE,FX_FWD,SELL_USD,81000000,0.0,2027-06-09,CSA,USDINR,FX-05,pair=USDINR,true
T00330,2026-08-24,SYN19,TERM_LOAN,COMMIT,172000000,0.0611,2030-03-29,SENIOR_UNSECURED,USD,F-SYN19-1,,true
T00116,2026-08-27,CAT,TERM_LOAN,COMMIT,549200000,0.0802,2031-10-01,SECURED,USD,F-CAT-1,,true
T00372,2026-08-27,SYN26,TERM_LOAN,DRAW,74467000,0.06,2029-04-24,SUBORDINATED,INR,F-SYN26-1,,true
T00528,2026-08-27,DEALER,CDS,SELL_PROTECTION,67000000,0.0131,2031-07-28,CSA,USD,CDS-03,reference=CVX,true
T00097,2026-08-29,XOM,TERM_LOAN,REPAY,85447000,0.0787,2033-02-14,SENIOR_UNSECURED,USD,F-XOM-1,,true
T00525,2026-08-29,SYN15,FX_FWD,SELL_USD,148000000,0.0,2027-03-05,CSA,USDINR,FX-10,pair=USDINR,true
T00389,2026-08-30,SYN28,TERM_LOAN,DRAW,19350000,0.0656,2033-07-14,SUBORDINATED,INR,F-SYN28-2,,true
