scenario,factor,value,kind,source,peak_date
russia_ukraine_2022,EQ:IT,-0.058187,ret,XLK,2022-03-08
russia_ukraine_2022,EQ:COMM,-0.048806,ret,XLC,2022-03-08
russia_ukraine_2022,EQ:CD,-0.093389,ret,XLY,2022-03-07
russia_ukraine_2022,EQ:FIN,-0.09077,ret,XLF,2022-03-08
russia_ukraine_2022,EQ:HC,0.039291,ret,XLV,2022-03-04
russia_ukraine_2022,EQ:EN,0.139456,ret,XLE,2022-03-08
russia_ukraine_2022,EQ:IND,-0.027863,ret,XLI,2022-02-23
russia_ukraine_2022,EQ:CS,-0.046692,ret,XLP,2022-03-08
russia_ukraine_2022,EQ:UT,0.084415,ret,XLU,2022-03-07
russia_ukraine_2022,EQ:MAT,-0.048772,ret,XLB,2022-03-08
russia_ukraine_2022,EQ:RE,0.044539,ret,XLRE,2022-03-04
russia_ukraine_2022,EQ:MKT,-0.041406,ret,SPY,2022-03-08
russia_ukraine_2022,EQ:BANKS,-0.088795,ret,KRE,2022-03-07
russia_ukraine_2022,IR:3M,3.0,bp,UST_3M,2022-03-03
russia_ukraine_2022,IR:2Y,-16.0,bp,UST_2Y,2022-03-01
russia_ukraine_2022,IR:5Y,-26.0,bp,UST_5Y,2022-03-01
russia_ukraine_2022,IR:10Y,-20.0,bp,UST_10Y,2022-03-01
russia_ukraine_2022,IR:30Y,-13.0,bp,UST_30Y,2022-03-01
russia_ukraine_2022,CR:IG,22.0,bp,fallback:BAA_10Y,2022-03-08
russia_ukraine_2022,CR:BBB,22.0,bp,fallback:BAA_10Y,2022-03-08
russia_ukraine_2022,CR:HY,66.0,bp,fallback:BAA_10Yx3,2022-03-08
russia_ukraine_2022,FX:DXY,0.03384,ret,DXY,2022-03-07
russia_ukraine_2022,FX:USDINR,0.026881,ret,USDINR,2022-03-08
russia_ukraine_2022,FX:EURUSD,-0.044092,ret,EURUSD,2022-03-08
russia_ukraine_2022,CM:BRENT,0.368185,ret,BRENT,2022-03-08
russia_ukraine_2022,CM:GOLD,0.075534,ret,GOLD,2022-03-08
russia_ukraine_2022,VOL:VIX,8.700001,pts,VIX,2022-03-07
tariff_2025,EQ:IT,-0.142223,ret,XLK,2025-04-08
tariff_2025,EQ:COMM,-0.110687,ret,XLC,2025-04-08
tariff_2025,EQ:CD,-0.132655,ret,XLY,2025-04-08
tariff_2025,EQ:FIN,-0.124402,ret,XLF,2025-04-08
tariff_2025,EQ:HC,-0.078448,ret,XLV,2025-04-08
tariff_2025,EQ:EN,-0.187931,ret,XLE,2025-04-08
tariff_2025,EQ:IND,-0.124991,ret,XLI,2025-04-08
tariff_2025,EQ:CS,-0.063765,ret,XLP,2025-04-08
tariff_2025,EQ:UT,-0.079703,ret,XLU,2025-04-08
tariff_2025,EQ:MAT,-0.14642,ret,XLB,2025-04-08
tariff_2025,EQ:RE,-0.118821,ret,XLRE,2025-04-08
tariff_2025,EQ:MKT,-0.120527,ret,SPY,2025-04-08
tariff_2025,EQ:BANKS,-0.146976,ret,KRE,2025-04-08
tariff_2025,IR:3M,-4.0,bp,UST_3M,2025-04-04
tariff_2025,IR:2Y,-23.0,bp,UST_2Y,2025-04-04
tariff_2025,IR:5Y,-23.0,bp,UST_5Y,2025-04-04
tariff_2025,IR:10Y,-19.0,bp,UST_10Y,2025-04-04
tariff_2025,IR:30Y,17.0,bp,UST_30Y,2025-04-08
tariff_2025,CR:IG,24.0,bp,IG_OAS,2025-04-07
tariff_2025,CR:BBB,29.0,bp,BBB_OAS,2025-04-07
tariff_2025,CR:HY,119.0,bp,HY_OAS,2025-04-07
tariff_2025,FX:DXY,-0.016761,ret,DXY,2025-04-03
tariff_2025,FX:USDINR,0.00487,ret,USDINR,2025-04-08
tariff_2025,FX:EURUSD,0.022948,ret,EURUSD,2025-04-04
tariff_2025,CM:BRENT,-0.161841,ret,BRENT,2025-04-08
tariff_2025,CM:GOLD,-0.06083,ret,GOLD,2025-04-07
tariff_2025,VOL:VIX,30.820002,pts,VIX,2025-04-08
svb_2023,EQ:IT,-0.031667,ret,XLK,2023-03-10
svb_2023,EQ:COMM,-0.036327,ret,XLC,2023-03-10
svb_2023,EQ:CD,-0.033566,ret,XLY,2023-03-10
svb_2023,EQ:FIN,-0.113844,ret,XLF,2023-03-17
svb_2023,EQ:HC,-0.017412,ret,XLV,2023-03-10
svb_2023,EQ:EN,-0.093404,ret,XLE,2023-03-17
svb_2023,EQ:IND,-0.055865,ret,XLI,2023-03-17
svb_2023,EQ:CS,-0.014141,ret,XLP,2023-03-10
svb_2023,EQ:UT,0.024856,ret,XLU,2023-03-16
svb_2023,EQ:MAT,-0.079034,ret,XLB,2023-03-17
svb_2023,EQ:RE,-0.053983,ret,XLRE,2023-03-10
svb_2023,EQ:MKT,-0.033992,ret,SPY,2023-03-13
svb_2023,EQ:BANKS,-0.247141,ret,KRE,2023-03-17
svb_2023,IR:3M,-54.0,bp,UST_3M,2023-03-17
svb_2023,IR:2Y,-124.0,bp,UST_2Y,2023-03-17
svb_2023,IR:5Y,-90.0,bp,UST_5Y,2023-03-17
svb_2023,IR:10Y,-59.0,bp,UST_10Y,2023-03-17
svb_2023,IR:30Y,-28.0,bp,UST_30Y,2023-03-17
svb_2023,CR:IG,43.0,bp,fallback:BAA_10Y,2023-03-15
svb_2023,CR:BBB,43.0,bp,fallback:BAA_10Y,2023-03-15
svb_2023,CR:HY,129.0,bp,fallback:BAA_10Yx3,2023-03-15
svb_2023,FX:DXY,-0.019497,ret,DXY,2023-03-13
svb_2023,FX:USDINR,0.007811,ret,USDINR,2023-03-16
svb_2023,FX:EURUSD,0.016768,ret,EURUSD,2023-03-15
svb_2023,CM:BRENT,-0.117227,ret,BRENT,2023-03-17
svb_2023,CM:GOLD,0.085175,ret,GOLD,2023-03-17
svb_2023,VOL:VIX,7.409999,pts,VIX,2023-03-13
lehman_2008,EQ:IT,-0.266458,ret,XLK,2008-10-10
lehman_2008,EQ:COMM,-0.294058,ret,fallback:SPY,2008-10-10
lehman_2008,EQ:CD,-0.303001,ret,XLY,2008-10-09
lehman_2008,EQ:FIN,-0.346514,ret,XLF,2008-10-09
lehman_2008,EQ:HC,-0.251548,ret,XLV,2008-10-10
lehman_2008,EQ:EN,-0.368345,ret,XLE,2008-10-10
lehman_2008,EQ:IND,-0.306108,ret,XLI,2008-10-10
lehman_2008,EQ:CS,-0.19179,ret,XLP,2008-10-09
lehman_2008,EQ:UT,-0.287612,ret,XLU,2008-10-10
lehman_2008,EQ:MAT,-0.321639,ret,XLB,2008-10-10
lehman_2008,EQ:RE,-0.294058,ret,fallback:SPY,2008-10-10
lehman_2008,EQ:MKT,-0.294058,ret,SPY,2008-10-10
lehman_2008,EQ:BANKS,-0.250709,ret,KRE,2008-10-09
lehman_2008,IR:3M,-146.0,bp,UST_3M,2008-09-17
lehman_2008,IR:2Y,-80.0,bp,UST_2Y,2008-10-06
lehman_2008,IR:5Y,-52.0,bp,UST_5Y,2008-10-06
lehman_2008,IR:10Y,-33.0,bp,UST_10Y,2008-09-17
lehman_2008,IR:30Y,-33.0,bp,UST_30Y,2008-10-06
lehman_2008,CR:IG,143.0,bp,fallback:BAA_10Y,2008-10-10
lehman_2008,CR:BBB,143.0,bp,fallback:BAA_10Y,2008-10-10
lehman_2008,CR:HY,429.0,bp,fallback:BAA_10Yx3,2008-10-10
lehman_2008,FX:DXY,0.051032,ret,DXY,2008-10-10
lehman_2008,FX:USDINR,0.061652,ret,USDINR,2008-10-10
lehman_2008,FX:EURUSD,-0.059125,ret,EURUSD,2008-10-10
lehman_2008,CM:BRENT,-0.240726,ret,BRENT,2008-10-10
lehman_2008,CM:GOLD,0.188873,ret,GOLD,2008-09-22
lehman_2008,VOL:VIX,44.289997,pts,VIX,2008-10-10
rate_shock_2022,EQ:IT,-0.094183,ret,XLK,2022-06-16
rate_shock_2022,EQ:COMM,-0.090161,ret,XLC,2022-06-16
rate_shock_2022,EQ:CD,-0.10527,ret,XLY,2022-06-16
rate_shock_2022,EQ:FIN,-0.086222,ret,XLF,2022-06-16
rate_shock_2022,EQ:HC,-0.059432,ret,XLV,2022-06-16
rate_shock_2022,EQ:EN,-0.138519,ret,XLE,2022-06-16
rate_shock_2022,EQ:IND,-0.083547,ret,XLI,2022-06-16
rate_shock_2022,EQ:CS,-0.043611,ret,XLP,2022-06-16
rate_shock_2022,EQ:UT,-0.089164,ret,XLU,2022-06-16
rate_shock_2022,EQ:MAT,-0.109199,ret,XLB,2022-06-16
rate_shock_2022,EQ:RE,-0.078729,ret,XLRE,2022-06-16
rate_shock_2022,EQ:MKT,-0.086663,ret,SPY,2022-06-16
rate_shock_2022,EQ:BANKS,-0.07756,ret,KRE,2022-06-16
rate_shock_2022,IR:3M,53.0,bp,UST_3M,2022-06-14
rate_shock_2022,IR:2Y,62.0,bp,UST_2Y,2022-06-14
rate_shock_2022,IR:5Y,54.0,bp,UST_5Y,2022-06-14
rate_shock_2022,IR:10Y,45.0,bp,UST_10Y,2022-06-14
rate_shock_2022,IR:30Y,27.0,bp,UST_30Y,2022-06-14
rate_shock_2022,CR:IG,-9.0,bp,fallback:BAA_10Y,2022-06-13
rate_shock_2022,CR:BBB,-9.0,bp,fallback:BAA_10Y,2022-06-13
rate_shock_2022,CR:HY,-27.0,bp,fallback:BAA_10Yx3,2022-06-13
rate_shock_2022,FX:DXY,0.022282,ret,DXY,2022-06-14
rate_shock_2022,FX:USDINR,0.005832,ret,USDINR,2022-06-13
rate_shock_2022,FX:EURUSD,-0.028224,ret,EURUSD,2022-06-14
rate_shock_2022,CM:BRENT,-0.037052,ret,BRENT,2022-06-15
rate_shock_2022,CM:GOLD,-0.021211,ret,GOLD,2022-06-14
rate_shock_2022,VOL:VIX,7.93,pts,VIX,2022-06-13
covid_2020,EQ:IT,-0.311532,ret,XLK,2020-03-23
covid_2020,EQ:COMM,-0.301494,ret,XLC,2020-03-20
covid_2020,EQ:CD,-0.338852,ret,XLY,2020-03-18
covid_2020,EQ:FIN,-0.427891,ret,XLF,2020-03-23
covid_2020,EQ:HC,-0.279295,ret,XLV,2020-03-23
covid_2020,EQ:EN,-0.562808,ret,XLE,2020-03-18
covid_2020,EQ:IND,-0.415801,ret,XLI,2020-03-23
covid_2020,EQ:CS,-0.241611,ret,XLP,2020-03-23
covid_2020,EQ:UT,-0.353656,ret,XLU,2020-03-23
covid_2020,EQ:MAT,-0.362092,ret,XLB,2020-03-23
covid_2020,EQ:RE,-0.378163,ret,XLRE,2020-03-23
covid_2020,EQ:MKT,-0.337173,ret,SPY,2020-03-23
covid_2020,EQ:BANKS,-0.491399,ret,KRE,2020-03-23
covid_2020,IR:3M,-156.0,bp,UST_3M,2020-03-18
covid_2020,IR:2Y,-114.0,bp,UST_2Y,2020-03-23
covid_2020,IR:5Y,-103.0,bp,UST_5Y,2020-03-23
covid_2020,IR:10Y,-102.0,bp,UST_10Y,2020-03-09
covid_2020,IR:30Y,-102.0,bp,UST_30Y,2020-03-09
covid_2020,CR:IG,226.0,bp,fallback:BAA_10Y,2020-03-23
covid_2020,CR:BBB,226.0,bp,fallback:BAA_10Y,2020-03-23
covid_2020,CR:HY,678.0,bp,fallback:BAA_10Yx3,2020-03-23
covid_2020,FX:DXY,-0.047189,ret,DXY,2020-03-09
covid_2020,FX:USDINR,0.056544,ret,USDINR,2020-03-23
covid_2020,FX:EURUSD,0.055816,ret,EURUSD,2020-03-10
covid_2020,CM:BRENT,-0.579161,ret,BRENT,2020-03-18
covid_2020,CM:GOLD,-0.080995,ret,GOLD,2020-03-18
covid_2020,VOL:VIX,68.310002,pts,VIX,2020-03-16
deepseek_2025,EQ:IT,-0.049018,ret,XLK,2025-01-27
deepseek_2025,EQ:COMM,0.005179,ret,XLC,2025-01-27
deepseek_2025,EQ:CD,0.005696,ret,XLY,2025-01-27
deepseek_2025,EQ:FIN,0.011013,ret,XLF,2025-01-27
deepseek_2025,EQ:HC,0.022452,ret,XLV,2025-01-27
deepseek_2025,EQ:EN,-0.010404,ret,XLE,2025-01-27
deepseek_2025,EQ:IND,-0.013398,ret,XLI,2025-01-27
deepseek_2025,EQ:CS,0.027086,ret,XLP,2025-01-27
deepseek_2025,EQ:UT,-0.023147,ret,XLU,2025-01-27
deepseek_2025,EQ:MAT,0.000562,ret,XLB,2025-01-27
deepseek_2025,EQ:RE,0.009868,ret,XLRE,2025-01-27
deepseek_2025,EQ:MKT,-0.014145,ret,SPY,2025-01-27
deepseek_2025,EQ:BANKS,0.010579,ret,KRE,2025-01-27
deepseek_2025,IR:3M,-3.0,bp,UST_3M,2025-01-27
deepseek_2025,IR:2Y,-10.0,bp,UST_2Y,2025-01-27
deepseek_2025,IR:5Y,-11.0,bp,UST_5Y,2025-01-27
deepseek_2025,IR:10Y,-10.0,bp,UST_10Y,2025-01-27
deepseek_2025,IR:30Y,-9.0,bp,UST_30Y,2025-01-27
deepseek_2025,CR:IG,1.0,bp,IG_OAS,2025-01-27
deepseek_2025,CR:BBB,1.0,bp,BBB_OAS,2025-01-27
deepseek_2025,CR:HY,6.0,bp,HY_OAS,2025-01-27
deepseek_2025,FX:DXY,-0.000931,ret,DXY,2025-01-27
deepseek_2025,FX:USDINR,-0.002744,ret,USDINR,2025-01-27
deepseek_2025,FX:EURUSD,0.004951,ret,EURUSD,2025-01-27
deepseek_2025,CM:BRENT,-0.018089,ret,BRENT,2025-01-27
deepseek_2025,CM:GOLD,-0.014574,ret,GOLD,2025-01-27
deepseek_2025,VOL:VIX,3.05,pts,VIX,2025-01-27
