ticker,name,cik,sector,aliases,ambiguous_aliases,extra_cashtags
AAPL,Apple Inc.,0000320193,Information Technology,Apple Inc|iPhone|iPad|MacBook|App Store,Apple,
MSFT,Microsoft Corp.,0000789019,Information Technology,Microsoft|Azure|Xbox|LinkedIn,Windows,
NVDA,NVIDIA Corp.,0001045810,Information Technology,NVIDIA|Nvidia|GeForce|CUDA,,
GOOGL,Alphabet Inc.,0001652044,Communication Services,Alphabet Inc|Google|YouTube|Waymo,Alphabet,GOOG
META,Meta Platforms Inc.,0001326801,Communication Services,Meta Platforms|Facebook|Instagram|WhatsApp,Meta,
AMZN,Amazon.com Inc.,0001018724,Consumer Discretionary,Amazon.com|AWS|Amazon Web Services,Amazon,
TSLA,Tesla Inc.,0001318605,Consumer Discretionary,Tesla|Cybertruck,,
JPM,JPMorgan Chase & Co.,0000019617,Financials,JPMorgan|JP Morgan|J.P. Morgan|JPMorgan Chase,Chase,
BAC,Bank of America Corp.,0000070858,Financials,Bank of America|BofA,,
LLY,Eli Lilly and Co.,0000059478,Health Care,Eli Lilly|Mounjaro|Zepbound,Lilly,
UNH,UnitedHealth Group Inc.,0000731766,Health Care,UnitedHealth|UnitedHealthcare|Optum,,
XOM,Exxon Mobil Corp.,0000034088,Energy,Exxon Mobil|ExxonMobil|Exxon,,
CVX,Chevron Corp.,0000093410,Energy,Chevron,,
CAT,Caterpillar Inc.,0000018230,Industrials,Caterpillar Inc,Caterpillar,
BA,Boeing Co.,0000012927,Industrials,Boeing|737 MAX|787 Dreamliner,,
PG,Procter & Gamble Co.,0000080424,Consumer Staples,Procter & Gamble|Procter and Gamble|P&G,,
KO,Coca-Cola Co.,0000021344,Consumer Staples,Coca-Cola|Coca Cola,Coke,
NEE,NextEra Energy Inc.,0000753308,Utilities,NextEra|Florida Power & Light,,
LIN,Linde plc,0001707925,Materials,Linde plc,Linde,
AMT,American Tower Corp.,0001053507,Real Estate,American Tower,,
